Date;Time;WT_cm;Q_l/s;T_degC;;;;;
2008-05-08;15:00:00;4.571;0.634331674;6.467;;;;;
2008-05-08;15:15:00;4.506;0.612020984;6.453;;;;;
2008-05-08;15:30:00;4.537;0.622601686;6.441;;;;;
2008-05-08;15:45:00;4.498;0.609308129;6.428;;;;;
2008-05-08;16:00:00;4.495;0.608292672;6.417;;;;;
2008-05-08;16:15:00;4.416;0.581916948;6.406;;;;;
2008-05-08;16:30:00;4.408;0.579285035;6.395;;;;;
2008-05-08;16:45:00;4.373;0.567854456;6.383;;;;;
2008-05-08;17:00:00;4.299;0.54413537;6.368;;;;;
2008-05-08;17:15:00;4.297;0.543502728;6.353;;;;;
2008-05-08;17:30:00;4.222;0.520096483;6.338;;;;;
2008-05-08;17:45:00;4.278;0.537514637;6.323;;;;;
2008-05-08;18:00:00;4.377;0.569153893;6.309;;;;;
2008-05-08;18:15:00;4.399;0.576332684;6.294;;;;;
2008-05-08;18:30:00;4.326;0.552719303;6.281;;;;;
2008-05-08;18:45:00;4.306;0.546353096;6.267;;;;;
2008-05-08;19:00:00;4.27;0.535005235;6.254;;;;;
2008-05-08;19:15:00;4.411;0.580271163;6.242;;;;;
2008-05-08;19:30:00;4.616;0.650059104;6.228;;;;;
2008-05-08;19:45:00;4.506;0.612020984;6.217;;;;;
2008-05-08;20:00:00;4.613;0.649003413;6.205;;;;;
2008-05-08;20:15:00;4.582;0.638154824;6.195;;;;;
2008-05-08;20:30:00;4.598;0.643740394;6.184;;;;;
2008-05-08;20:45:00;4.563;0.631559855;6.174;;;;;
2008-05-08;21:00:00;4.616;0.650059104;6.165;;;;;
2008-05-08;21:15:00;4.787;0.711945768;6.155;;;;;
2008-05-08;21:30:00;4.716;0.685840039;6.149;;;;;
2008-05-08;21:45:00;4.716;0.685840039;6.141;;;;;
2008-05-08;22:00:00;4.667;0.668163652;6.133;;;;;
2008-05-08;22:15:00;4.651;0.662451661;6.127;;;;;
2008-05-08;22:30:00;4.646;0.660672695;6.121;;;;;
2008-05-08;22:45:00;4.753;0.699371419;6.114;;;;;
2008-05-08;23:00:00;4.669;0.668879721;6.109;;;;;
2008-05-08;23:15:00;4.695;0.678230531;6.105;;;;;
2008-05-08;23:30:00;4.709;0.683297876;6.1;;;;;
2008-05-08;23:45:00;4.748;0.69753358;6.097;;;;;
2008-05-09;0:00:00;4.693;0.677508471;6.094;;;;;
2008-05-09;0:15:00;4.737;0.693500544;6.091;;;;;
2008-05-09;0:30:00;4.82;0.724279078;6.085;;;;;
2008-05-09;0:45:00;4.811;0.72090284;6.083;;;;;
2008-05-09;1:00:00;4.811;0.72090284;6.078;;;;;
2008-05-09;1:15:00;4.886;0.749328069;6.073;;;;;
2008-05-09;1:30:00;4.817;0.723152614;6.069;;;;;
2008-05-09;1:45:00;4.896;0.753168013;6.064;;;;;
2008-05-09;2:00:00;4.737;0.693500544;6.06;;;;;
2008-05-09;2:15:00;4.772;0.706381687;6.057;;;;;
2008-05-09;2:30:00;4.701;0.680399479;6.053;;;;;
2008-05-09;2:45:00;4.796;0.715296797;6.052;;;;;
2008-05-09;3:00:00;4.81;0.720528287;6.047;;;;;
2008-05-09;3:15:00;4.62;0.651468293;6.043;;;;;
2008-05-09;3:30:00;4.951;0.774498641;6.039;;;;;
2008-05-09;3:45:00;4.994;0.791424862;6.036;;;;;
2008-05-09;4:00:00;4.906;0.75701974;6.032;;;;;
2008-05-09;4:15:00;4.959;0.777631089;6.028;;;;;
2008-05-09;4:30:00;4.915;0.760496378;6.025;;;;;
2008-05-09;4:45:00;4.928;0.765535072;6.022;;;;;
2008-05-09;5:00:00;4.969;0.781557322;6.017;;;;;
2008-05-09;5:15:00;4.946;0.772544712;6.015;;;;;
2008-05-09;5:30:00;4.923;0.76359475;6.01;;;;;
2008-05-09;5:45:00;4.788;0.712317639;6.008;;;;;
2008-05-09;6:00:00;4.893;0.752014793;6.005;;;;;
2008-05-09;6:15:00;4.865;0.741302485;6.001;;;;;
2008-05-09;6:30:00;4.861;0.739779678;5.998;;;;;
2008-05-09;6:45:00;4.814;0.722027201;5.997;;;;;
2008-05-09;7:00:00;4.855;0.73749899;5.993;;;;;
2008-05-09;7:15:00;4.894;0.752399082;5.991;;;;;
2008-05-09;7:30:00;4.879;0.746647112;5.989;;;;;
2008-05-09;7:45:00;4.832;0.72879546;5.988;;;;;
2008-05-09;8:00:00;4.662;0.666375494;5.986;;;;;
2008-05-09;8:15:00;4.762;0.702686843;5.986;;;;;
2008-05-09;8:30:00;4.771;0.70601168;5.987;;;;;
2008-05-09;8:45:00;4.628;0.654292165;5.992;;;;;
2008-05-09;9:00:00;4.568;0.633291388;5.999;;;;;
2008-05-09;9:15:00;4.458;0.595852142;6.008;;;;;
2008-05-09;9:30:00;4.441;0.590187867;6.011;;;;;
2008-05-09;9:45:00;4.425;0.584886412;6.017;;;;;
2008-05-09;10:00:00;4.404;0.577971761;6.022;;;;;
2008-05-09;10:15:00;4.289;0.540976575;6.032;;;;;
2008-05-09;10:30:00;4.337;0.556239594;6.041;;;;;
2008-05-09;10:45:00;4.255;0.530319083;6.052;;;;;
2008-05-09;11:00:00;4.033;0.463830069;6.077;;;;;
2008-05-09;11:15:00;3.893;0.424618932;6.109;;;;;
2008-05-09;11:30:00;3.926;0.433674696;6.129;;;;;
2008-05-09;11:45:00;3.921;0.432295237;6.142;;;;;
2008-05-09;12:00:00;3.974;0.447051958;6.144;;;;;
2008-05-09;12:15:00;4.069;0.474250251;6.146;;;;;
2008-05-09;12:30:00;3.999;0.454116053;6.148;;;;;
2008-05-09;12:45:00;3.92;0.432019661;6.154;;;;;
2008-05-09;13:00:00;3.982;0.44930524;6.159;;;;;
2008-05-09;13:15:00;3.969;0.445647107;6.163;;;;;
2008-05-09;13:30:00;3.979;0.448459463;6.17;;;;;
2008-05-09;13:45:00;4.013;0.458101004;6.177;;;;;
2008-05-09;14:00:00;3.902;0.427077318;6.19;;;;;
2008-05-09;14:15:00;3.914;0.430368422;6.198;;;;;
2008-05-09;14:30:00;3.981;0.449023208;6.197;;;;;
2008-05-09;14:45:00;4.006;0.456105917;6.191;;;;;
2008-05-09;15:00:00;3.914;0.430368422;6.192;;;;;
2008-05-09;15:15:00;3.892;0.424346304;6.194;;;;;
2008-05-09;15:30:00;3.885;0.422440845;6.199;;;;;
2008-05-09;15:45:00;3.926;0.433674696;6.198;;;;;
2008-05-09;16:00:00;3.974;0.447051958;6.198;;;;;
2008-05-09;16:15:00;3.806;0.401291817;6.2;;;;;
2008-05-09;16:30:00;3.852;0.413527162;6.201;;;;;
2008-05-09;16:45:00;3.881;0.42135432;6.204;;;;;
2008-05-09;17:00:00;3.966;0.44480547;6.206;;;;;
2008-05-09;17:15:00;3.868;0.417834704;6.209;;;;;
2008-05-09;17:30:00;3.851;0.413258829;6.211;;;;;
2008-05-09;17:45:00;3.854;0.41406414;6.212;;;;;
2008-05-09;18:00:00;3.859;0.415408416;6.215;;;;;
2008-05-09;18:15:00;3.707;0.375703127;6.217;;;;;
2008-05-09;18:30:00;3.83;0.407647966;6.218;;;;;
2008-05-09;18:45:00;3.985;0.450151974;6.216;;;;;
2008-05-09;19:00:00;3.992;0.452131407;6.218;;;;;
2008-05-09;19:15:00;4.049;0.468444114;6.219;;;;;
2008-05-09;19:30:00;3.966;0.44480547;6.22;;;;;
2008-05-09;19:45:00;3.973;0.446770776;6.221;;;;;
2008-05-09;20:00:00;3.966;0.44480547;6.225;;;;;
2008-05-09;20:15:00;4.069;0.474250251;6.227;;;;;
2008-05-09;20:30:00;4.084;0.478633044;6.228;;;;;
2008-05-09;20:45:00;4.164;0.502417949;6.231;;;;;
2008-05-09;21:00:00;4.133;0.493119138;6.234;;;;;
2008-05-09;21:15:00;4.319;0.550486096;6.239;;;;;
2008-05-09;21:30:00;4.257;0.530942475;6.244;;;;;
2008-05-09;21:45:00;4.246;0.527519258;6.247;;;;;
2008-05-09;22:00:00;4.438;0.589191658;6.251;;;;;
2008-05-09;22:15:00;4.363;0.564613655;6.257;;;;;
2008-05-09;22:30:00;4.595;0.642690875;6.261;;;;;
2008-05-09;22:45:00;4.652;0.662807798;6.266;;;;;
2008-05-09;23:00:00;4.638;0.657832317;6.272;;;;;
2008-05-09;23:15:00;4.684;0.674264913;6.277;;;;;
2008-05-09;23:30:00;4.824;0.725782667;6.284;;;;;
2008-05-09;23:45:00;4.896;0.753168013;6.29;;;;;
2008-05-10;0:00:00;4.91;0.758563732;6.298;;;;;
2008-05-10;0:15:00;4.878;0.746264589;6.304;;;;;
2008-05-10;0:30:00;4.846;0.734085877;6.308;;;;;
2008-05-10;0:45:00;4.76;0.701949269;6.314;;;;;
2008-05-10;1:00:00;4.824;0.725782667;6.32;;;;;
2008-05-10;1:15:00;4.844;0.733328697;6.324;;;;;
2008-05-10;1:30:00;4.827;0.726911587;6.325;;;;;
2008-05-10;1:45:00;4.853;0.7367397;6.329;;;;;
2008-05-10;2:00:00;4.814;0.722027201;6.332;;;;;
2008-05-10;2:15:00;4.858;0.738638806;6.336;;;;;
2008-05-10;2:30:00;4.834;0.729549828;6.339;;;;;
2008-05-10;2:45:00;4.782;0.710088164;6.342;;;;;
2008-05-10;3:00:00;4.842;0.732571986;6.344;;;;;
2008-05-10;3:15:00;4.792;0.713806285;6.346;;;;;
2008-05-10;3:30:00;4.759;0.701580656;6.346;;;;;
2008-05-10;3:45:00;4.787;0.711945768;6.348;;;;;
2008-05-10;4:00:00;4.909;0.758177557;6.35;;;;;
2008-05-10;4:15:00;4.918;0.761657382;6.352;;;;;
2008-05-10;4:30:00;5.016;0.800169814;6.353;;;;;
2008-05-10;4:45:00;4.896;0.753168013;6.352;;;;;
2008-05-10;5:00:00;4.848;0.734843526;6.35;;;;;
2008-05-10;5:15:00;4.838;0.73105997;6.351;;;;;
2008-05-10;5:30:00;4.907;0.757405561;6.35;;;;;
2008-05-10;5:45:00;4.931;0.766700684;6.346;;;;;
2008-05-10;6:00:00;4.814;0.722027201;6.342;;;;;
2008-05-10;6:15:00;4.678;0.672107727;6.34;;;;;
2008-05-10;6:30:00;4.652;0.662807798;6.338;;;;;
2008-05-10;6:45:00;4.774;0.707122052;6.335;;;;;
2008-05-10;7:00:00;4.78;0.709345938;6.332;;;;;
2008-05-10;7:15:00;4.604;0.645842517;6.327;;;;;
2008-05-10;7:30:00;4.6;0.644440645;6.326;;;;;
2008-05-10;7:45:00;4.44;0.589855685;6.323;;;;;
2008-05-10;8:00:00;4.471;0.600205567;6.322;;;;;
2008-05-10;8:15:00;4.387;0.572410287;6.322;;;;;
2008-05-10;8:30:00;4.208;0.515795647;6.323;;;;;
2008-05-10;8:45:00;4.291;0.541607451;6.324;;;;;
2008-05-10;9:00:00;4.227;0.521637691;6.33;;;;;
2008-05-10;9:15:00;4.055;0.47018145;6.332;;;;;
2008-05-10;9:30:00;4.022;0.460673797;6.336;;;;;
2008-05-10;9:45:00;4.074;0.475708494;6.344;;;;;
2008-05-10;10:00:00;4.097;0.482451048;6.348;;;;;
2008-05-10;10:15:00;3.979;0.448459463;6.355;;;;;
2008-05-10;10:30:00;3.882;0.421625794;6.36;;;;;
2008-05-10;10:45:00;3.84;0.410314066;6.375;;;;;
2008-05-10;11:00:00;3.679;0.368648791;6.396;;;;;
2008-05-10;11:15:00;3.585;0.345550276;6.421;;;;;
2008-05-10;11:30:00;3.516;0.32916262;6.443;;;;;
2008-05-10;11:45:00;3.449;0.31370492;6.457;;;;;
2008-05-10;12:00:00;3.465;0.317355801;6.458;;;;;
2008-05-10;12:15:00;3.516;0.32916262;6.459;;;;;
2008-05-10;12:30:00;3.553;0.337890797;6.464;;;;;
2008-05-10;12:45:00;3.402;0.303126648;6.469;;;;;
2008-05-10;13:00:00;3.393;0.301125819;6.475;;;;;
2008-05-10;13:15:00;3.447;0.313250341;6.485;;;;;
2008-05-10;13:30:00;3.347;0.291023209;6.5;;;;;
2008-05-10;13:45:00;3.339;0.289287316;6.51;;;;;
2008-05-10;14:00:00;3.415;0.306030784;6.517;;;;;
2008-05-10;14:15:00;3.399;0.302458822;6.525;;;;;
2008-05-10;14:30:00;3.526;0.331508077;6.525;;;;;
2008-05-10;14:45:00;3.472;0.318961038;6.527;;;;;
2008-05-10;15:00:00;3.393;0.301125819;6.528;;;;;
2008-05-10;15:15:00;3.457;0.315527193;6.532;;;;;
2008-05-10;15:30:00;3.414;0.305806799;6.532;;;;;
2008-05-10;15:45:00;3.5;0.325430651;6.534;;;;;
2008-05-10;16:00:00;3.401;0.302903941;6.535;;;;;
2008-05-10;16:15:00;3.421;0.307376761;6.536;;;;;
2008-05-10;16:30:00;3.42;0.307152185;6.537;;;;;
2008-05-10;16:45:00;3.411;0.305135434;6.537;;;;;
2008-05-10;17:00:00;3.316;0.284331286;6.534;;;;;
2008-05-10;17:15:00;3.315;0.284116971;6.538;;;;;
2008-05-10;17:30:00;3.388;0.30001768;6.54;;;;;
2008-05-10;17:45:00;3.473;0.319190754;6.54;;;;;
2008-05-10;18:00:00;3.364;0.294732693;6.54;;;;;
2008-05-10;18:15:00;3.571;0.342186577;6.539;;;;;
2008-05-10;18:30:00;3.526;0.331508077;6.542;;;;;
2008-05-10;18:45:00;3.597;0.348449174;6.545;;;;;
2008-05-10;19:00:00;3.472;0.318961038;6.547;;;;;
2008-05-10;19:15:00;3.539;0.334572122;6.549;;;;;
2008-05-10;19:30:00;3.535;0.333627537;6.552;;;;;
2008-05-10;19:45:00;3.589;0.346514961;6.552;;;;;
2008-05-10;20:00:00;3.635;0.357725074;6.554;;;;;
2008-05-10;20:15:00;3.682;0.369400777;6.555;;;;;
2008-05-10;20:30:00;3.631;0.356741773;6.556;;;;;
2008-05-10;20:45:00;3.69;0.37141057;6.557;;;;;
2008-05-10;21:00:00;3.703;0.37469045;6.559;;;;;
2008-05-10;21:15:00;3.734;0.382581643;6.563;;;;;
2008-05-10;21:30:00;3.856;0.414601537;6.565;;;;;
2008-05-10;21:45:00;3.921;0.432295237;6.569;;;;;
2008-05-10;22:00:00;3.903;0.427350998;6.571;;;;;
2008-05-10;22:15:00;3.992;0.452131407;6.575;;;;;
2008-05-10;22:30:00;4.226;0.521329231;6.579;;;;;
2008-05-10;22:45:00;4.246;0.527519258;6.583;;;;;
2008-05-10;23:00:00;4.168;0.503625394;6.588;;;;;
2008-05-10;23:15:00;4.265;0.533440436;6.593;;;;;
2008-05-10;23:30:00;4.328;0.553358359;6.599;;;;;
2008-05-10;23:45:00;4.412;0.580600097;6.604;;;;;
2008-05-11;0:00:00;4.524;0.618151368;6.609;;;;;
2008-05-11;0:15:00;4.503;0.611002816;6.616;;;;;
2008-05-11;0:30:00;4.51;0.613380124;6.623;;;;;
2008-05-11;0:45:00;4.477;0.602221256;6.629;;;;;
2008-05-11;1:00:00;4.489;0.606264806;6.635;;;;;
2008-05-11;1:15:00;4.557;0.629485768;6.641;;;;;
2008-05-11;1:30:00;4.628;0.654292165;6.646;;;;;
2008-05-11;1:45:00;4.697;0.678953052;6.65;;;;;
2008-05-11;2:00:00;4.746;0.696799257;6.653;;;;;
2008-05-11;2:15:00;4.772;0.706381687;6.657;;;;;
2008-05-11;2:30:00;4.728;0.690211219;6.66;;;;;
2008-05-11;2:45:00;4.754;0.699739335;6.66;;;;;
2008-05-11;3:00:00;4.752;0.699003619;6.66;;;;;
2008-05-11;3:15:00;4.828;0.727288127;6.66;;;;;
2008-05-11;3:30:00;4.887;0.749711533;6.66;;;;;
2008-05-11;3:45:00;4.829;0.727664785;6.658;;;;;
2008-05-11;4:00:00;4.827;0.726911587;6.655;;;;;
2008-05-11;4:15:00;4.89;0.750862633;6.652;;;;;
2008-05-11;4:30:00;4.811;0.72090284;6.647;;;;;
2008-05-11;4:45:00;4.881;0.747412511;6.642;;;;;
2008-05-11;5:00:00;4.938;0.769424584;6.636;;;;;
2008-05-11;5:15:00;4.962;0.778807713;6.629;;;;;
2008-05-11;5:30:00;4.913;0.759722965;6.62;;;;;
2008-05-11;5:45:00;5.118;0.841470797;6.61;;;;;
2008-05-11;6:00:00;5.072;0.822690451;6.6;;;;;
2008-05-11;6:15:00;5.13;0.846411893;6.59;;;;;
2008-05-11;6:30:00;4.995;0.79182111;6.576;;;;;
2008-05-11;6:45:00;4.827;0.726911587;6.566;;;;;
2008-05-11;7:00:00;4.544;0.625005949;6.556;;;;;
2008-05-11;7:15:00;4.278;0.537514637;6.548;;;;;
2008-05-11;7:30:00;4.32;0.550804794;6.538;;;;;
2008-05-11;7:45:00;4.054;0.469891626;6.527;;;;;
2008-05-11;8:00:00;3.993;0.452414608;6.518;;;;;
2008-05-11;8:15:00;3.848;0.412454459;6.512;;;;;
2008-05-11;8:30:00;3.688;0.370907509;6.508;;;;;
2008-05-11;8:45:00;3.704;0.374943466;6.504;;;;;
2008-05-11;9:00:00;3.559;0.339319106;6.507;;;;;
2008-05-11;9:15:00;3.402;0.303126648;6.508;;;;;
2008-05-11;9:30:00;3.458;0.315755422;6.51;;;;;
2008-05-11;9:45:00;3.46;0.316212178;6.514;;;;;
2008-05-11;10:00:00;3.459;0.31598375;6.512;;;;;
2008-05-11;10:15:00;3.384;0.299132934;6.516;;;;;
2008-05-11;10:30:00;3.517;0.329396716;6.517;;;;;
2008-05-11;10:45:00;3.517;0.329396716;6.531;;;;;
2008-05-11;11:00:00;3.308;0.282619482;6.55;;;;;
2008-05-11;11:15:00;3.064;0.233351312;6.571;;;;;
2008-05-11;11:30:00;2.88;0.199880103;6.588;;;;;
2008-05-11;11:45:00;2.863;0.196943528;6.6;;;;;
2008-05-11;12:00:00;2.9;0.203368338;6.597;;;;;
2008-05-11;12:15:00;2.917;0.206361852;6.596;;;;;
2008-05-11;12:30:00;2.867;0.197632142;6.593;;;;;
2008-05-11;12:45:00;2.937;0.20991729;6.593;;;;;
2008-05-11;13:00:00;2.957;0.213509231;6.598;;;;;
2008-05-11;13:15:00;3.035;0.227868914;6.602;;;;;
2008-05-11;13:30:00;3.018;0.224691391;6.605;;;;;
2008-05-11;13:45:00;2.921;0.207070025;6.621;;;;;
2008-05-11;14:00:00;2.933;0.209203286;6.63;;;;;
2008-05-11;14:15:00;2.903;0.203894699;6.638;;;;;
2008-05-11;14:30:00;2.845;0.193862595;6.641;;;;;
2008-05-11;14:45:00;2.565;0.149625897;6.645;;;;;
2008-05-11;15:00:00;2.676;0.16634265;6.646;;;;;
2008-05-11;15:15:00;2.626;0.15868108;6.643;;;;;
2008-05-11;15:30:00;2.799;0.186121091;6.643;;;;;
2008-05-11;15:45:00;3.024;0.225809813;6.643;;;;;
2008-05-11;16:00:00;2.81;0.187955113;6.643;;;;;
2008-05-11;16:15:00;2.679;0.166809249;6.643;;;;;
2008-05-11;16:30:00;3.06;0.232590467;6.647;;;;;
2008-05-11;16:45:00;2.946;0.211529139;6.645;;;;;
2008-05-11;17:00:00;3.06;0.232590467;6.645;;;;;
2008-05-11;17:15:00;3.158;0.251662588;6.646;;;;;
2008-05-11;17:30:00;3.086;0.237562643;6.649;;;;;
2008-05-11;17:45:00;2.991;0.219699656;6.653;;;;;
2008-05-11;18:00:00;3.122;0.244551647;6.654;;;;;
2008-05-11;18:15:00;3.214;0.262968074;6.656;;;;;
2008-05-11;18:30:00;3.191;0.258288669;6.658;;;;;
2008-05-11;18:45:00;3.252;0.270809993;6.659;;;;;
2008-05-11;19:00:00;3.206;0.261334736;6.665;;;;;
2008-05-11;19:15:00;3.168;0.253659584;6.666;;;;;
2008-05-11;19:30:00;3.203;0.260723808;6.669;;;;;
2008-05-11;19:45:00;3.374;0.296927923;6.671;;;;;
2008-05-11;20:00:00;3.413;0.305582912;6.674;;;;;
2008-05-11;20:15:00;3.452;0.31438753;6.68;;;;;
2008-05-11;20:30:00;3.472;0.318961038;6.683;;;;;
2008-05-11;20:45:00;3.445;0.312796158;6.686;;;;;
2008-05-11;21:00:00;3.423;0.307826208;6.691;;;;;
2008-05-11;21:15:00;3.438;0.311209629;6.696;;;;;
2008-05-11;21:30:00;3.474;0.31942057;6.7;;;;;
2008-05-11;21:45:00;3.525;0.331273082;6.704;;;;;
2008-05-11;22:00:00;3.412;0.305359124;6.707;;;;;
2008-05-11;22:15:00;3.481;0.321032058;6.713;;;;;
2008-05-11;22:30:00;3.58;0.344346689;6.718;;;;;
2008-05-11;22:45:00;3.526;0.331508077;6.724;;;;;
2008-05-11;23:00:00;3.667;0.365650035;6.731;;;;;
2008-05-11;23:15:00;3.421;0.307376761;6.736;;;;;
2008-05-11;23:30:00;3.621;0.354290622;6.741;;;;;
2008-05-11;23:45:00;3.69;0.37141057;6.75;;;;;
2008-05-12;0:00:00;3.758;0.388758846;6.755;;;;;
2008-05-12;0:15:00;3.658;0.363410605;6.762;;;;;
2008-05-12;0:30:00;3.718;0.378496448;6.768;;;;;
2008-05-12;0:45:00;3.79;0.39708764;6.773;;;;;
2008-05-12;1:00:00;3.844;0.411383427;6.779;;;;;
2008-05-12;1:15:00;3.919;0.431744191;6.785;;;;;
2008-05-12;1:30:00;3.959;0.44284536;6.793;;;;;
2008-05-12;1:45:00;4.009;0.456960315;6.801;;;;;
2008-05-12;2:00:00;3.984;0.449869623;6.806;;;;;
2008-05-12;2:15:00;3.911;0.429544225;6.815;;;;;
2008-05-12;2:30:00;3.898;0.425983651;6.823;;;;;
2008-05-12;2:45:00;3.997;0.453548479;6.832;;;;;
2008-05-12;3:00:00;4.072;0.475124874;6.838;;;;;
2008-05-12;3:15:00;4.074;0.475708494;6.842;;;;;
2008-05-12;3:30:00;4.067;0.473667705;6.849;;;;;
2008-05-12;3:45:00;4.093;0.481274339;6.856;;;;;
2008-05-12;4:00:00;4.154;0.499406942;6.863;;;;;
2008-05-12;4:15:00;3.86;0.415677585;6.867;;;;;
2008-05-12;4:30:00;3.974;0.447051958;6.872;;;;;
2008-05-12;4:45:00;3.907;0.428446769;6.877;;;;;
2008-05-12;5:00:00;3.839;0.410046987;6.878;;;;;
2008-05-12;5:15:00;3.933;0.435610371;6.881;;;;;
2008-05-12;5:30:00;4.04;0.465845342;6.884;;;;;
2008-05-12;5:45:00;3.863;0.416485719;6.887;;;;;
2008-05-12;6:00:00;3.847;0.412186544;6.886;;;;;
2008-05-12;6:15:00;4.017;0.4592434;6.887;;;;;
2008-05-12;6:30:00;4.155;0.499707554;6.887;;;;;
2008-05-12;6:45:00;4.216;0.518250643;6.888;;;;;
2008-05-12;7:00:00;4.283;0.539086592;6.887;;;;;
2008-05-12;7:15:00;4.178;0.506651618;6.889;;;;;
2008-05-12;7:30:00;4.096;0.482156709;6.89;;;;;
2008-05-12;7:45:00;4.061;0.471922646;6.894;;;;;
2008-05-12;8:00:00;3.994;0.452697917;6.895;;;;;
2008-05-12;8:15:00;4.05;0.468733402;6.892;;;;;
2008-05-12;8:30:00;4.211;0.516715451;6.894;;;;;
2008-05-12;8:45:00;4.25;0.528762527;6.897;;;;;
2008-05-12;9:00:00;4.136;0.49401447;6.901;;;;;
2008-05-12;9:15:00;4.052;0.469312299;6.901;;;;;
2008-05-12;9:30:00;4.145;0.496706315;6.903;;;;;
2008-05-12;9:45:00;4.212;0.517022271;6.902;;;;;
2008-05-12;10:00:00;4.097;0.482451048;6.901;;;;;
2008-05-12;10:15:00;4.21;0.51640874;6.905;;;;;
2008-05-12;10:30:00;3.999;0.454116053;6.902;;;;;
2008-05-12;10:45:00;4.235;0.524109318;6.901;;;;;
2008-05-12;11:00:00;4.028;0.462393797;6.921;;;;;
2008-05-12;11:15:00;3.98;0.448741282;6.934;;;;;
2008-05-12;11:30:00;3.928;0.434227218;6.939;;;;;
2008-05-12;11:45:00;3.877;0.420269474;6.947;;;;;
2008-05-12;12:00:00;3.692;0.371914041;6.949;;;;;
2008-05-12;12:15:00;3.747;0.385920259;6.949;;;;;
2008-05-12;12:30:00;3.921;0.432295237;6.952;;;;;
2008-05-12;12:45:00;4.054;0.469891626;6.952;;;;;
2008-05-12;13:00:00;3.893;0.424618932;6.953;;;;;
2008-05-12;13:15:00;3.697;0.37317451;6.959;;;;;
2008-05-12;13:30:00;3.825;0.406318824;6.967;;;;;
2008-05-12;13:45:00;3.886;0.422712738;6.978;;;;;
2008-05-12;14:00:00;3.945;0.438940711;6.979;;;;;
2008-05-12;14:15:00;3.96;0.443125058;6.976;;;;;
2008-05-12;14:30:00;3.905;0.427898673;6.974;;;;;
2008-05-12;14:45:00;3.896;0.425437448;6.973;;;;;
2008-05-12;15:00:00;4.046;0.467576893;6.973;;;;;
2008-05-12;15:15:00;3.93;0.434780162;6.975;;;;;
2008-05-12;15:30:00;3.91;0.429269703;6.978;;;;;
2008-05-12;15:45:00;3.879;0.420811688;6.981;;;;;
2008-05-12;16:00:00;4.108;0.485695894;6.985;;;;;
2008-05-12;16:15:00;4.311;0.5479405;6.983;;;;;
2008-05-12;16:30:00;4.119;0.488953798;6.979;;;;;
2008-05-12;16:45:00;4.257;0.530942475;6.976;;;;;
2008-05-12;17:00:00;4.042;0.466422097;6.981;;;;;
2008-05-12;17:15:00;4.145;0.496706315;6.984;;;;;
2008-05-12;17:30:00;4.228;0.521946261;6.983;;;;;
2008-05-12;17:45:00;4.223;0.520404506;6.976;;;;;
2008-05-12;18:00:00;4.299;0.54413537;6.969;;;;;
2008-05-12;18:15:00;4.297;0.543502728;6.962;;;;;
2008-05-12;18:30:00;4.373;0.567854456;6.96;;;;;
2008-05-12;18:45:00;4.372;0.567529875;6.957;;;;;
2008-05-12;19:00:00;4.297;0.543502728;6.955;;;;;
2008-05-12;19:15:00;4.514;0.614741074;6.953;;;;;
2008-05-12;19:30:00;4.456;0.595184071;6.948;;;;;
2008-05-12;19:45:00;4.594;0.642341263;6.943;;;;;
2008-05-12;20:00:00;4.562;0.63121389;6.938;;;;;
2008-05-12;20:15:00;4.551;0.627415774;6.933;;;;;
2008-05-12;20:30:00;4.644;0.659961912;6.926;;;;;
2008-05-12;20:45:00;4.661;0.666018207;6.918;;;;;
2008-05-12;21:00:00;4.645;0.660317246;6.91;;;;;
2008-05-12;21:15:00;4.676;0.671389586;6.899;;;;;
2008-05-12;21:30:00;4.739;0.69423278;6.891;;;;;
2008-05-12;21:45:00;4.816;0.722777359;6.878;;;;;
2008-05-12;22:00:00;4.839;0.731437799;6.868;;;;;
2008-05-12;22:15:00;4.875;0.745117725;6.852;;;;;
2008-05-12;22:30:00;5.02;0.801766003;6.836;;;;;
2008-05-12;22:45:00;5.136;0.848888953;6.82;;;;;
2008-05-12;23:00:00;5.121;0.842704444;6.799;;;;;
2008-05-12;23:15:00;5.187;0.870119626;6.777;;;;;
2008-05-12;23:30:00;5.146;0.853027042;6.756;;;;;
2008-05-12;23:45:00;5.309;0.922189467;6.73;;;;;
2008-05-13;0:00:00;5.317;0.925667456;6.699;;;;;
2008-05-13;0:15:00;5.365;0.946700617;6.664;;;;;
2008-05-13;0:30:00;5.31;0.922623786;6.623;;;;;
2008-05-13;0:45:00;5.292;0.914824808;6.58;;;;;
2008-05-13;1:00:00;5.405;0.964445276;6.531;;;;;
2008-05-13;1:15:00;5.416;0.969359752;6.481;;;;;
2008-05-13;1:30:00;5.404;0.963999248;6.434;;;;;
2008-05-13;1:45:00;5.525;1.018870646;6.388;;;;;
2008-05-13;2:00:00;5.3;0.918286117;6.334;;;;;
2008-05-13;2:15:00;5.314;0.924362289;6.282;;;;;
2008-05-13;2:30:00;5.473;0.995066178;6.233;;;;;
2008-05-13;2:45:00;5.343;0.93702522;6.176;;;;;
2008-05-13;3:00:00;5.371;0.949349717;6.121;;;;;
2008-05-13;3:15:00;5.393;0.959101113;6.065;;;;;
2008-05-13;3:30:00;5.359;0.944055957;6.002;;;;;
2008-05-13;3:45:00;5.362;0.945377732;5.953;;;;;
2008-05-13;4:00:00;5.396;0.960435484;5.897;;;;;
2008-05-13;4:15:00;5.331;0.931772848;5.84;;;;;
2008-05-13;4:30:00;5.323;0.928281103;5.784;;;;;
2008-05-13;4:45:00;5.438;0.979233703;5.73;;;;;
2008-05-13;5:00:00;5.308;0.921755271;5.673;;;;;
2008-05-13;5:15:00;5.362;0.945377732;5.62;;;;;
2008-05-13;5:30:00;5.361;0.944937017;5.571;;;;;
2008-05-13;5:45:00;5.323;0.928281103;5.514;;;;;
2008-05-13;6:00:00;5.207;0.8785314;5.468;;;;;
2008-05-13;6:15:00;5.223;0.88529581;5.418;;;;;
2008-05-13;6:30:00;5.186;0.869700311;5.379;;;;;
2008-05-13;6:45:00;5.015;0.799771065;5.344;;;;;
2008-05-13;7:00:00;4.868;0.742445823;5.309;;;;;
2008-05-13;7:15:00;4.861;0.739779678;5.276;;;;;
2008-05-13;7:30:00;4.821;0.7246548;5.25;;;;;
2008-05-13;7:45:00;4.651;0.662451661;5.224;;;;;
2008-05-13;8:00:00;4.641;0.658896598;5.206;;;;;
2008-05-13;8:15:00;4.544;0.625005949;5.19;;;;;
2008-05-13;8:30:00;4.38;0.570129641;5.179;;;;;
2008-05-13;8:45:00;4.331;0.554317773;5.165;;;;;
2008-05-13;9:00:00;4.235;0.524109318;5.161;;;;;
2008-05-13;9:15:00;4.287;0.54034614;5.156;;;;;
2008-05-13;9:30:00;4.203;0.514264824;5.155;;;;;
2008-05-13;9:45:00;4.254;0.530007553;5.155;;;;;
2008-05-13;10:00:00;4.12;0.48925062;5.154;;;;;
2008-05-13;10:15:00;4.259;0.531566306;5.154;;;;;
2008-05-13;10:30:00;4.202;0.513958987;5.156;;;;;
2008-05-13;10:45:00;4.278;0.537514637;5.166;;;;;
2008-05-13;11:00:00;4.164;0.502417949;5.187;;;;;
2008-05-13;11:15:00;3.955;0.441727629;5.199;;;;;
2008-05-13;11:30:00;3.944;0.438662602;5.223;;;;;
2008-05-13;11:45:00;4.005;0.455821332;5.24;;;;;
2008-05-13;12:00:00;3.948;0.439775676;5.248;;;;;
2008-05-13;12:15:00;3.848;0.412454459;5.257;;;;;
2008-05-13;12:30:00;3.721;0.379260418;5.271;;;;;
2008-05-13;12:45:00;3.745;0.385405492;5.285;;;;;
2008-05-13;13:00:00;3.712;0.376971279;5.3;;;;;
2008-05-13;13:15:00;3.654;0.362417952;5.318;;;;;
2008-05-13;13:30:00;3.853;0.413795599;5.335;;;;;
2008-05-13;13:45:00;3.847;0.412186544;5.352;;;;;
2008-05-13;14:00:00;3.939;0.437273639;5.367;;;;;
2008-05-13;14:15:00;4.001;0.454684053;5.382;;;;;
2008-05-13;14:30:00;4.028;0.462393797;5.398;;;;;
2008-05-13;14:45:00;3.958;0.442565768;5.409;;;;;
2008-05-13;15:00:00;3.996;0.453264852;5.425;;;;;
2008-05-13;15:15:00;3.873;0.419186306;5.439;;;;;
2008-05-13;15:30:00;3.979;0.448459463;5.453;;;;;
2008-05-13;15:45:00;4.03;0.462967985;5.464;;;;;
2008-05-13;16:00:00;4.008;0.456675409;5.478;;;;;
2008-05-13;16:15:00;4.143;0.496107369;5.491;;;;;
2008-05-13;16:30:00;4.179;0.506954838;5.504;;;;;
2008-05-13;16:45:00;4.026;0.461820036;5.516;;;;;
2008-05-13;17:00:00;4.342;0.557844162;5.527;;;;;
2008-05-13;17:15:00;4.152;0.498806043;5.538;;;;;
2008-05-13;17:30:00;4.062;0.472213221;5.548;;;;;
2008-05-13;17:45:00;4.105;0.484809641;5.561;;;;;
2008-05-13;18:00:00;4.019;0.459815238;5.573;;;;;
2008-05-13;18:15:00;4.306;0.546353096;5.581;;;;;
2008-05-13;18:30:00;4.15;0.498205579;5.591;;;;;
2008-05-13;18:45:00;4.311;0.5479405;5.598;;;;;
2008-05-13;19:00:00;4.19;0.510297454;5.605;;;;;
2008-05-13;19:15:00;4.108;0.485695894;5.612;;;;;
2008-05-13;19:30:00;4.254;0.530007553;5.616;;;;;
2008-05-13;19:45:00;4.328;0.553358359;5.619;;;;;
2008-05-13;20:00:00;4.396;0.575350578;5.621;;;;;
2008-05-13;20:15:00;4.363;0.564613655;5.621;;;;;
2008-05-13;20:30:00;4.46;0.596520662;5.619;;;;;
2008-05-13;20:45:00;4.583;0.638503067;5.615;;;;;
2008-05-13;21:00:00;4.503;0.611002816;5.611;;;;;
2008-05-13;21:15:00;4.597;0.64339044;5.605;;;;;
2008-05-13;21:30:00;4.531;0.620545313;5.598;;;;;
2008-05-13;21:45:00;4.599;0.644090463;5.587;;;;;
2008-05-13;22:00:00;4.696;0.678591734;5.567;;;;;
2008-05-13;22:15:00;4.566;0.632598434;5.54;;;;;
2008-05-13;22:30:00;4.731;0.691306618;5.506;;;;;
2008-05-13;22:45:00;4.696;0.678591734;5.48;;;;;
2008-05-13;23:00:00;4.628;0.654292165;5.448;;;;;
2008-05-13;23:15:00;4.69;0.676426247;5.418;;;;;
2008-05-13;23:30:00;4.722;0.688023546;5.384;;;;;
2008-05-13;23:45:00;4.77;0.705641788;5.355;;;;;
2008-05-14;0:00:00;4.732;0.691671983;5.318;;;;;
2008-05-14;0:15:00;4.827;0.726911587;5.281;;;;;
2008-05-14;0:30:00;4.835;0.729927188;5.245;;;;;
2008-05-14;0:45:00;4.896;0.753168013;5.206;;;;;
2008-05-14;1:00:00;4.948;0.773325929;5.167;;;;;
2008-05-14;1:15:00;4.869;0.742827171;5.121;;;;;
2008-05-14;1:30:00;4.95;0.774107619;5.083;;;;;
2008-05-14;1:45:00;4.893;0.752014793;5.045;;;;;
2008-05-14;2:00:00;5.009;0.797381074;5.009;;;;;
2008-05-14;2:15:00;5.069;0.821474473;4.969;;;;;
2008-05-14;2:30:00;5.028;0.804964109;4.932;;;;;
2008-05-14;2:45:00;5.083;0.827158275;4.893;;;;;
2008-05-14;3:00:00;5.099;0.833682863;4.854;;;;;
2008-05-14;3:15:00;5.188;0.870539062;4.817;;;;;
2008-05-14;3:30:00;5.162;0.859673115;4.78;;;;;
2008-05-14;3:45:00;5.164;0.860506051;4.747;;;;;
2008-05-14;4:00:00;5.168;0.862173374;4.71;;;;;
2008-05-14;4:15:00;5.175;0.865095852;4.677;;;;;
2008-05-14;4:30:00;5.172;0.863842635;4.651;;;;;
2008-05-14;4:45:00;5.233;0.889539384;4.618;;;;;
2008-05-14;5:00:00;5.205;0.877688037;4.588;;;;;
2008-05-14;5:15:00;5.221;0.884448556;4.56;;;;;
2008-05-14;5:30:00;5.19;0.871378297;4.531;;;;;
2008-05-14;5:45:00;5.284;0.911371339;4.512;;;;;
2008-05-14;6:00:00;5.189;0.870958619;4.484;;;;;
2008-05-14;6:15:00;5.103;0.835318818;4.461;;;;;
2008-05-14;6:30:00;4.998;0.793010566;4.445;;;;;
2008-05-14;6:45:00;5.094;0.831640625;4.429;;;;;
2008-05-14;7:00:00;5.016;0.800169814;4.409;;;;;
2008-05-14;7:15:00;4.874;0.744735672;4.39;;;;;
2008-05-14;7:30:00;4.704;0.681485511;4.376;;;;;
2008-05-14;7:45:00;4.585;0.639199894;4.351;;;;;
2008-05-14;8:00:00;4.391;0.573715967;4.338;;;;;
2008-05-14;8:15:00;4.192;0.510906619;4.334;;;;;
2008-05-14;8:30:00;4.019;0.459815238;4.334;;;;;
2008-05-14;8:45:00;3.857;0.414870392;4.334;;;;;
2008-05-14;9:00:00;3.856;0.414601537;4.337;;;;;
2008-05-14;9:15:00;3.794;0.398136194;4.334;;;;;
2008-05-14;9:30:00;3.847;0.412186544;4.33;;;;;
2008-05-14;9:45:00;3.826;0.406584444;4.334;;;;;
2008-05-14;10:00:00;3.806;0.401291817;4.334;;;;;
2008-05-14;10:15:00;3.76;0.389276294;4.338;;;;;
2008-05-14;10:30:00;3.815;0.403668351;4.342;;;;;
2008-05-14;10:45:00;3.796;0.398661094;4.347;;;;;
2008-05-14;11:00:00;3.781;0.394734457;4.365;;;;;
2008-05-14;11:15:00;3.708;0.375956552;4.377;;;;;
2008-05-14;11:30:00;3.618;0.353557253;4.396;;;;;
2008-05-14;11:45:00;3.538;0.334335826;4.412;;;;;
2008-05-14;12:00:00;3.342;0.289937546;4.421;;;;;
2008-05-14;12:15:00;3.385;0.299353973;4.428;;;;;
2008-05-14;12:30:00;3.346;0.290805882;4.443;;;;;
2008-05-14;12:45:00;3.152;0.250468933;4.458;;;;;
2008-05-14;13:00:00;3.286;0.277943961;4.478;;;;;
2008-05-14;13:15:00;3.374;0.296927923;4.497;;;;;
2008-05-14;13:30:00;3.335;0.288421705;4.527;;;;;
2008-05-14;13:45:00;3.586;0.345791296;4.546;;;;;
2008-05-14;14:00:00;3.506;0.326827148;4.562;;;;;
2008-05-14;14:15:00;3.544;0.335755107;4.584;;;;;
2008-05-14;14:30:00;3.518;0.329630912;4.602;;;;;
2008-05-14;14:45:00;3.48;0.320801547;4.625;;;;;
2008-05-14;15:00:00;3.621;0.354290622;4.647;;;;;
2008-05-14;15:15:00;3.441;0.311888977;4.667;;;;;
2008-05-14;15:30:00;3.514;0.328694727;4.687;;;;;
2008-05-14;15:45:00;3.717;0.378241996;4.708;;;;;
2008-05-14;16:00:00;3.501;0.325663151;4.729;;;;;
2008-05-14;16:15:00;3.478;0.320340824;4.749;;;;;
2008-05-14;16:30:00;3.484;0.321724186;4.769;;;;;
2008-05-14;16:45:00;3.317;0.284545697;4.789;;;;;
2008-05-14;17:00:00;3.542;0.335281612;4.809;;;;;
2008-05-14;17:15:00;3.735;0.382837842;4.828;;;;;
2008-05-14;17:30:00;3.537;0.334099629;4.848;;;;;
2008-05-14;17:45:00;3.559;0.339319106;4.865;;;;;
2008-05-14;18:00:00;3.546;0.336229003;4.881;;;;;
2008-05-14;18:15:00;3.723;0.379770245;4.896;;;;;
2008-05-14;18:30:00;3.751;0.386951028;4.91;;;;;
2008-05-14;18:45:00;3.864;0.416755307;4.925;;;;;
2008-05-14;19:00:00;3.895;0.425164504;4.939;;;;;
2008-05-14;19:15:00;3.849;0.412722478;4.955;;;;;
2008-05-14;19:30:00;3.831;0.407914106;4.969;;;;;
2008-05-14;19:45:00;3.839;0.410046987;4.984;;;;;
2008-05-14;20:00:00;3.991;0.451848312;4.996;;;;;
2008-05-14;20:15:00;4.006;0.456105917;5.008;;;;;
2008-05-14;20:30:00;3.923;0.432846704;5.018;;;;;
2008-05-14;20:45:00;4.035;0.464405326;5.028;;;;;
2008-05-14;21:00:00;4.01;0.457245327;5.037;;;;;
2008-05-14;21:15:00;4.129;0.491926877;5.044;;;;;
2008-05-14;21:30:00;4.079;0.477169424;5.052;;;;;
2008-05-14;21:45:00;4.044;0.466999281;5.058;;;;;
2008-05-14;22:00:00;4.1;0.483334712;5.063;;;;;
2008-05-14;22:15:00;4.028;0.462393797;5.069;;;;;
2008-05-14;22:30:00;4.093;0.481274339;5.072;;;;;
2008-05-14;22:45:00;4.059;0.471341818;5.073;;;;;
2008-05-14;23:00:00;3.97;0.445927865;5.078;;;;;
2008-05-14;23:15:00;4.033;0.463830069;5.081;;;;;
2008-05-14;23:30:00;4.106;0.485104951;5.082;;;;;
2008-05-14;23:45:00;4.179;0.506954838;5.082;;;;;
2008-05-15;0:00:00;4.11;0.486287268;5.081;;;;;
2008-05-15;0:15:00;4.204;0.51457077;5.08;;;;;
2008-05-15;0:30:00;4.271;0.535318525;5.071;;;;;
2008-05-15;0:45:00;4.166;0.503021454;5.06;;;;;
2008-05-15;1:00:00;4.347;0.559451503;5.046;;;;;
2008-05-15;1:15:00;4.266;0.533753176;5.031;;;;;
2008-05-15;1:30:00;4.332;0.5546378;5.014;;;;;
2008-05-15;1:45:00;4.626;0.65358551;4.995;;;;;
2008-05-15;2:00:00;4.871;0.743590219;4.972;;;;;
2008-05-15;2:15:00;4.859;0.739018979;4.953;;;;;
2008-05-15;2:30:00;4.918;0.761657382;4.926;;;;;
2008-05-15;2:45:00;4.967;0.780771126;4.894;;;;;
2008-05-15;3:00:00;4.896;0.753168013;4.863;;;;;
2008-05-15;3:15:00;4.925;0.764370524;4.84;;;;;
2008-05-15;3:30:00;5.035;0.80776872;4.809;;;;;
2008-05-15;3:45:00;5.104;0.835728107;4.779;;;;;
2008-05-15;4:00:00;4.985;0.78786399;4.751;;;;;
2008-05-15;4:15:00;5.032;0.806566027;4.725;;;;;
2008-05-15;4:30:00;5.063;0.819045753;4.696;;;;;
2008-05-15;4:45:00;5.078;0.825125646;4.667;;;;;
2008-05-15;5:00:00;5.044;0.811383252;4.64;;;;;
2008-05-15;5:15:00;5.052;0.814604302;4.61;;;;;
2008-05-15;5:30:00;5.144;0.852198458;4.589;;;;;
2008-05-15;5:45:00;5.099;0.833682863;4.554;;;;;
2008-05-15;6:00:00;5.109;0.837776359;4.529;;;;;
2008-05-15;6:15:00;5.097;0.832865607;4.506;;;;;
2008-05-15;6:30:00;5.122;0.8431159;4.48;;;;;
2008-05-15;6:45:00;5.042;0.810579186;4.464;;;;;
2008-05-15;7:00:00;5.028;0.804964109;4.442;;;;;
2008-05-15;7:15:00;4.951;0.774498641;4.429;;;;;
2008-05-15;7:30:00;4.893;0.752014793;4.415;;;;;
2008-05-15;7:45:00;4.782;0.710088164;4.397;;;;;
2008-05-15;8:00:00;4.691;0.676786873;4.385;;;;;
2008-05-15;8:15:00;4.446;0.591850461;4.378;;;;;
2008-05-15;8:30:00;4.395;0.575023433;4.372;;;;;
2008-05-15;8:45:00;4.363;0.564613655;4.376;;;;;
2008-05-15;9:00:00;4.282;0.538771981;4.375;;;;;
2008-05-15;9:15:00;4.164;0.502417949;4.379;;;;;
2008-05-15;9:30:00;4.149;0.497905509;4.379;;;;;
2008-05-15;9:45:00;4.087;0.479512506;4.383;;;;;
2008-05-15;10:00:00;4.131;0.492522791;4.385;;;;;
2008-05-15;10:15:00;4.145;0.496706315;4.388;;;;;
2008-05-15;10:30:00;4.213;0.5173292;4.385;;;;;
2008-05-15;10:45:00;4.224;0.520712638;4.383;;;;;
2008-05-15;11:00:00;4.138;0.494611899;4.397;;;;;
2008-05-15;11:15:00;3.774;0.392910002;4.432;;;;;
2008-05-15;11:30:00;3.751;0.386951028;4.46;;;;;
2008-05-15;11:45:00;3.888;0.42325684;4.464;;;;;
2008-05-15;12:00:00;3.849;0.412722478;4.463;;;;;
2008-05-15;12:15:00;3.699;0.373679414;4.467;;;;;
2008-05-15;12:30:00;3.824;0.406053308;4.476;;;;;
2008-05-15;12:45:00;3.884;0.422169056;4.484;;;;;
2008-05-15;13:00:00;3.895;0.425164504;4.499;;;;;
2008-05-15;13:15:00;3.885;0.422440845;4.512;;;;;
2008-05-15;13:30:00;3.946;0.439218927;4.521;;;;;
2008-05-15;13:45:00;4.021;0.460387504;4.531;;;;;
2008-05-15;14:00:00;4.19;0.510297454;4.552;;;;;
2008-05-15;14:15:00;4.083;0.478340105;4.575;;;;;
2008-05-15;14:30:00;3.996;0.453264852;4.588;;;;;
2008-05-15;14:45:00;4.045;0.467288033;4.603;;;;;
2008-05-15;15:00:00;3.906;0.428172669;4.62;;;;;
2008-05-15;15:15:00;3.916;0.430918413;4.633;;;;;
2008-05-15;15:30:00;3.847;0.412186544;4.648;;;;;
2008-05-15;15:45:00;3.836;0.409246374;4.664;;;;;
2008-05-15;16:00:00;3.978;0.448177749;4.676;;;;;
2008-05-15;16:15:00;4.259;0.531566306;4.689;;;;;
2008-05-15;16:30:00;4.434;0.587864949;4.699;;;;;
2008-05-15;16:45:00;4.349;0.560095216;4.715;;;;;
2008-05-15;17:00:00;4.343;0.558165408;4.729;;;;;
2008-05-15;17:15:00;4.102;0.48392436;4.742;;;;;
2008-05-15;17:30:00;4.212;0.517022271;4.756;;;;;
2008-05-15;17:45:00;4.108;0.485695894;4.768;;;;;
2008-05-15;18:00:00;4.082;0.478047273;4.78;;;;;
2008-05-15;18:15:00;4.081;0.477754549;4.792;;;;;
2008-05-15;18:30:00;4.116;0.488063983;4.806;;;;;
2008-05-15;18:45:00;4.144;0.496406788;4.817;;;;;
2008-05-15;19:00:00;4.022;0.460673797;4.828;;;;;
2008-05-15;19:15:00;4.111;0.486583117;4.838;;;;;
2008-05-15;19:30:00;4.281;0.53845748;4.847;;;;;
2008-05-15;19:45:00;4.357;0.562674514;4.855;;;;;
2008-05-15;20:00:00;4.476;0.601885026;4.863;;;;;
2008-05-15;20:15:00;4.667;0.668163652;4.872;;;;;
2008-05-15;20:30:00;4.618;0.650763469;4.877;;;;;
2008-05-15;20:45:00;4.7;0.680037699;4.884;;;;;
2008-05-15;21:00:00;4.731;0.691306618;4.889;;;;;
2008-05-15;21:15:00;4.817;0.723152614;4.892;;;;;
2008-05-15;21:30:00;4.889;0.750478816;4.896;;;;;
2008-05-15;21:45:00;4.785;0.711202377;4.898;;;;;
2008-05-15;22:00:00;4.891;0.751246569;4.901;;;;;
2008-05-15;22:15:00;4.928;0.765535072;4.901;;;;;
2008-05-15;22:30:00;5.064;0.81945024;4.897;;;;;
2008-05-15;22:45:00;5.083;0.827158275;4.889;;;;;
2008-05-15;23:00:00;5.045;0.811785465;4.87;;;;;
2008-05-15;23:15:00;5.216;0.88233255;4.849;;;;;
2008-05-15;23:30:00;5.24;0.892517133;4.826;;;;;
2008-05-15;23:45:00;5.42;0.971150551;4.797;;;;;
2008-05-16;0:00:00;5.455;0.986904733;4.771;;;;;
2008-05-16;0:15:00;5.291;0.914392696;4.745;;;;;
2008-05-16;0:30:00;5.353;0.941415735;4.727;;;;;
2008-05-16;0:45:00;5.201;0.876002769;4.686;;;;;
2008-05-16;1:00:00;5.266;0.903629668;4.65;;;;;
2008-05-16;1:15:00;5.314;0.924362289;4.622;;;;;
2008-05-16;1:30:00;5.33;0.931335949;4.597;;;;;
2008-05-16;1:45:00;5.332;0.932209869;4.564;;;;;
2008-05-16;2:00:00;5.366;0.947141825;4.537;;;;;
2008-05-16;2:15:00;5.359;0.944055957;4.513;;;;;
2008-05-16;2:30:00;5.411;0.967124041;4.486;;;;;
2008-05-16;2:45:00;5.441;0.980584805;4.458;;;;;
2008-05-16;3:00:00;5.512;1.012887862;4.441;;;;;
2008-05-16;3:15:00;5.45;0.984644819;4.413;;;;;
2008-05-16;3:30:00;5.512;1.012887862;4.391;;;;;
2008-05-16;3:45:00;5.509;1.01151022;4.378;;;;;
2008-05-16;4:00:00;5.42;0.971150551;4.36;;;;;
2008-05-16;4:15:00;5.438;0.979233703;4.339;;;;;
2008-05-16;4:30:00;5.487;1.001441869;4.325;;;;;
2008-05-16;4:45:00;5.483;0.99961775;4.311;;;;;
2008-05-16;5:00:00;5.518;1.01564652;4.299;;;;;
2008-05-16;5:15:00;5.559;1.034617999;4.286;;;;;
2008-05-16;5:30:00;5.45;0.984644819;4.274;;;;;
2008-05-16;5:45:00;5.422;0.972046694;4.262;;;;;
2008-05-16;6:00:00;5.529;1.020715757;4.25;;;;;
2008-05-16;6:15:00;5.483;0.99961775;4.24;;;;;
2008-05-16;6:30:00;5.342;0.936586845;4.228;;;;;
2008-05-16;6:45:00;5.304;0.920019713;4.217;;;;;
2008-05-16;7:00:00;5.337;0.934396819;4.206;;;;;
2008-05-16;7:15:00;5.099;0.833682863;4.195;;;;;
2008-05-16;7:30:00;5.031;0.806165369;4.186;;;;;
2008-05-16;7:45:00;4.899;0.754322293;4.177;;;;;
2008-05-16;8:00:00;4.8;0.716789175;4.17;;;;;
2008-05-16;8:15:00;4.826;0.726535163;4.167;;;;;
2008-05-16;8:30:00;4.656;0.664233498;4.163;;;;;
2008-05-16;8:45:00;4.483;0.604241002;4.17;;;;;
2008-05-16;9:00:00;4.496;0.608631045;4.18;;;;;
2008-05-16;9:15:00;4.501;0.610324602;4.184;;;;;
2008-05-16;9:30:00;4.422;0.583895583;4.178;;;;;
2008-05-16;9:45:00;4.473;0.600877013;4.181;;;;;
2008-05-16;10:00:00;4.574;0.635372984;4.178;;;;;
2008-05-16;10:15:00;4.477;0.602221256;4.173;;;;;
2008-05-16;10:30:00;4.406;0.578628174;4.167;;;;;
2008-05-16;10:45:00;4.525;0.618493021;4.157;;;;;
2008-05-16;11:00:00;4.48;0.603230622;4.151;;;;;
2008-05-16;11:15:00;4.526;0.618834786;4.141;;;;;
2008-05-16;11:30:00;4.449;0.592849365;4.131;;;;;
2008-05-16;11:45:00;4.523;0.617809829;4.125;;;;;
2008-05-16;12:00:00;4.508;0.612700328;4.124;;;;;
2008-05-16;12:15:00;4.392;0.574042666;4.125;;;;;
2008-05-16;12:30:00;4.314;0.548894269;4.126;;;;;
2008-05-16;12:45:00;4.129;0.491926877;4.129;;;;;
2008-05-16;13:00:00;4.216;0.518250643;4.13;;;;;
2008-05-16;13:15:00;4.4;0.576660276;4.131;;;;;
2008-05-16;13:30:00;4.264;0.533127806;4.147;;;;;
2008-05-16;13:45:00;4.388;0.57273654;4.162;;;;;
2008-05-16;14:00:00;4.296;0.543186573;4.167;;;;;
2008-05-16;14:15:00;4.232;0.523181636;4.18;;;;;
2008-05-16;14:30:00;4.268;0.534378986;4.187;;;;;
2008-05-16;14:45:00;4.201;0.513653259;4.197;;;;;
2008-05-16;15:00:00;4.14;0.495209762;4.213;;;;;
2008-05-16;15:15:00;4.196;0.512126257;4.223;;;;;
2008-05-16;15:30:00;4.256;0.530630724;4.234;;;;;
2008-05-16;15:45:00;4.279;0.537828808;4.245;;;;;
2008-05-16;16:00:00;4.137;0.49431313;4.259;;;;;
2008-05-16;16:15:00;4.229;0.522254941;4.269;;;;;
2008-05-16;16:30:00;4.151;0.498505757;4.281;;;;;
2008-05-16;16:45:00;4.256;0.530630724;4.293;;;;;
2008-05-16;17:00:00;4.22;0.519480765;4.309;;;;;
2008-05-16;17:15:00;4.192;0.510906619;4.321;;;;;
2008-05-16;17:30:00;4.131;0.492522791;4.337;;;;;
2008-05-16;17:45:00;4.234;0.523799981;4.35;;;;;
2008-05-16;18:00:00;4.03;0.462967985;4.366;;;;;
2008-05-16;18:15:00;4.115;0.487767594;4.379;;;;;
2008-05-16;18:30:00;4.076;0.476292544;4.393;;;;;
2008-05-16;18:45:00;4.055;0.47018145;4.406;;;;;
2008-05-16;19:00:00;4.15;0.498205579;4.419;;;;;
2008-05-16;19:15:00;4.174;0.505439823;4.43;;;;;
2008-05-16;19:30:00;4.293;0.542238769;4.443;;;;;
2008-05-16;19:45:00;4.222;0.520096483;4.454;;;;;
2008-05-16;20:00:00;4.397;0.575677835;4.465;;;;;
2008-05-16;20:15:00;4.443;0.590852568;4.475;;;;;
2008-05-16;20:30:00;4.403;0.577643722;4.486;;;;;
2008-05-16;20:45:00;4.444;0.591185087;4.495;;;;;
2008-05-16;21:00:00;4.52;0.616785892;4.503;;;;;
2008-05-16;21:15:00;4.612;0.648651745;4.512;;;;;
2008-05-16;21:30:00;4.732;0.691671983;4.52;;;;;
2008-05-16;21:45:00;4.731;0.691306618;4.526;;;;;
2008-05-16;22:00:00;4.849;0.735222526;4.53;;;;;
2008-05-16;22:15:00;5.039;0.809373983;4.53;;;;;
2008-05-16;22:30:00;5.193;0.87263806;4.535;;;;;
2008-05-16;22:45:00;5.153;0.855930891;4.537;;;;;
2008-05-16;23:00:00;5.183;0.868443095;4.523;;;;;
2008-05-16;23:15:00;5.221;0.884448556;4.508;;;;;
2008-05-16;23:30:00;5.299;0.917853024;4.481;;;;;
2008-05-16;23:45:00;5.257;0.899773684;4.463;;;;;
2008-05-17;0:00:00;5.325;0.929153302;4.452;;;;;
2008-05-17;0:15:00;5.352;0.940976129;4.445;;;;;
2008-05-17;0:30:00;5.337;0.934396819;4.435;;;;;
2008-05-17;0:45:00;5.324;0.928717141;4.426;;;;;
2008-05-17;1:00:00;5.373;0.950233738;4.419;;;;;
2008-05-17;1:15:00;5.316;0.925232277;4.408;;;;;
2008-05-17;1:30:00;5.29;0.913960706;4.399;;;;;
2008-05-17;1:45:00;5.432;0.976534852;4.39;;;;;
2008-05-17;2:00:00;5.407;0.965337702;4.378;;;;;
2008-05-17;2:15:00;5.366;0.947141825;4.366;;;;;
2008-05-17;2:30:00;5.357;0.94317539;4.353;;;;;
2008-05-17;2:45:00;5.392;0.95865657;4.339;;;;;
2008-05-17;3:00:00;5.432;0.976534852;4.326;;;;;
2008-05-17;3:15:00;5.389;0.957323684;4.312;;;;;
2008-05-17;3:30:00;5.367;0.947583157;4.301;;;;;
2008-05-17;3:45:00;5.315;0.924797222;4.287;;;;;
2008-05-17;4:00:00;5.312;0.923492792;4.276;;;;;
2008-05-17;4:15:00;5.328;0.930462522;4.265;;;;;
2008-05-17;4:30:00;5.196;0.873898915;4.253;;;;;
2008-05-17;4:45:00;5.324;0.928717141;4.242;;;;;
2008-05-17;5:00:00;5.327;0.930025992;4.231;;;;;
2008-05-17;5:15:00;5.282;0.910509196;4.221;;;;;
2008-05-17;5:30:00;5.251;0.897208522;4.212;;;;;
2008-05-17;5:45:00;5.247;0.895500855;4.202;;;;;
2008-05-17;6:00:00;5.239;0.892091375;4.196;;;;;
2008-05-17;6:15:00;5.182;0.868024266;4.19;;;;;
2008-05-17;6:30:00;5.082;0.826751509;4.186;;;;;
2008-05-17;6:45:00;5.163;0.860089522;4.181;;;;;
2008-05-17;7:00:00;4.9;0.754707289;4.178;;;;;
2008-05-17;7:15:00;4.867;0.742064593;4.172;;;;;
2008-05-17;7:30:00;4.905;0.756634036;4.167;;;;;
2008-05-17;7:45:00;4.737;0.693500544;4.163;;;;;
2008-05-17;8:00:00;4.582;0.638154824;4.16;;;;;
2008-05-17;8:15:00;4.598;0.643740394;4.161;;;;;
2008-05-17;8:30:00;4.447;0.592183317;4.163;;;;;
2008-05-17;8:45:00;4.335;0.555598544;4.17;;;;;
2008-05-17;9:00:00;4.367;0.56590864;4.185;;;;;
2008-05-17;9:15:00;4.37;0.566881047;4.192;;;;;
2008-05-17;9:30:00;4.369;0.5665568;4.192;;;;;
2008-05-17;9:45:00;4.337;0.556239594;4.199;;;;;
2008-05-17;10:00:00;4.459;0.596186346;4.201;;;;;
2008-05-17;10:15:00;4.258;0.531254335;4.204;;;;;
2008-05-17;10:30:00;4.304;0.545718908;4.201;;;;;
2008-05-17;10:45:00;4.272;0.535631925;4.208;;;;;
2008-05-17;11:00:00;4.11;0.486287268;4.233;;;;;
2008-05-17;11:15:00;3.915;0.430643365;4.258;;;;;
2008-05-17;11:30:00;3.848;0.412454459;4.277;;;;;
2008-05-17;11:45:00;3.902;0.427077318;4.283;;;;;
2008-05-17;12:00:00;3.844;0.411383427;4.277;;;;;
2008-05-17;12:15:00;3.796;0.398661094;4.268;;;;;
2008-05-17;12:30:00;3.631;0.356741773;4.263;;;;;
2008-05-17;12:45:00;3.65;0.361426927;4.263;;;;;
2008-05-17;13:00:00;3.655;0.362665963;4.266;;;;;
2008-05-17;13:15:00;3.613;0.352336997;4.277;;;;;
2008-05-17;13:30:00;3.659;0.363659023;4.289;;;;;
2008-05-17;13:45:00;3.735;0.382837842;4.313;;;;;
2008-05-17;14:00:00;3.826;0.406584444;4.323;;;;;
2008-05-17;14:15:00;3.887;0.422984736;4.33;;;;;
2008-05-17;14:30:00;3.849;0.412722478;4.338;;;;;
2008-05-17;14:45:00;3.898;0.425983651;4.344;;;;;
2008-05-17;15:00:00;3.973;0.446770776;4.349;;;;;
2008-05-17;15:15:00;3.919;0.431744191;4.356;;;;;
2008-05-17;15:30:00;3.945;0.438940711;4.365;;;;;
2008-05-17;15:45:00;3.959;0.44284536;4.374;;;;;
2008-05-17;16:00:00;3.86;0.415677585;4.382;;;;;
2008-05-17;16:15:00;3.839;0.410046987;4.392;;;;;
2008-05-17;16:30:00;3.906;0.428172669;4.403;;;;;
2008-05-17;16:45:00;3.888;0.42325684;4.412;;;;;
2008-05-17;17:00:00;3.919;0.431744191;4.422;;;;;
2008-05-17;17:15:00;3.887;0.422984736;4.432;;;;;
2008-05-17;17:30:00;3.836;0.409246374;4.441;;;;;
2008-05-17;17:45:00;3.801;0.399975158;4.45;;;;;
2008-05-17;18:00:00;3.821;0.405257386;4.459;;;;;
2008-05-17;18:15:00;3.887;0.422984736;4.469;;;;;
2008-05-17;18:30:00;4.01;0.457245327;4.48;;;;;
2008-05-17;18:45:00;3.928;0.434227218;4.491;;;;;
2008-05-17;19:00:00;3.958;0.442565768;4.503;;;;;
2008-05-17;19:15:00;4.031;0.463255239;4.516;;;;;
2008-05-17;19:30:00;3.901;0.426803744;4.53;;;;;
2008-05-17;19:45:00;3.96;0.443125058;4.542;;;;;
2008-05-17;20:00:00;3.954;0.441448461;4.554;;;;;
2008-05-17;20:15:00;3.947;0.439497248;4.565;;;;;
2008-05-17;20:30:00;4.071;0.474833226;4.576;;;;;
2008-05-17;20:45:00;3.974;0.447051958;4.587;;;;;
2008-05-17;21:00:00;4.096;0.482156709;4.597;;;;;
2008-05-17;21:15:00;4.153;0.499106438;4.608;;;;;
2008-05-17;21:30:00;4.214;0.517636238;4.618;;;;;
2008-05-17;21:45:00;4.099;0.483040049;4.629;;;;;
2008-05-17;22:00:00;4.217;0.51855801;4.638;;;;;
2008-05-17;22:15:00;4.257;0.530942475;4.647;;;;;
2008-05-17;22:30:00;4.162;0.501814879;4.657;;;;;
2008-05-17;22:45:00;4.188;0.509688725;4.664;;;;;
2008-05-17;23:00:00;4.167;0.50332337;4.672;;;;;
2008-05-17;23:15:00;4.298;0.543818994;4.68;;;;;
2008-05-17;23:30:00;4.105;0.484809641;4.686;;;;;
2008-05-17;23:45:00;4.184;0.508472575;4.695;;;;;
2008-05-18;0:00:00;4.24;0.525657646;4.7;;;;;
2008-05-18;0:15:00;4.213;0.5173292;4.706;;;;;
2008-05-18;0:30:00;4.425;0.584886412;4.711;;;;;
2008-05-18;0:45:00;4.461;0.596855091;4.713;;;;;
2008-05-18;1:00:00;4.339;0.556881089;4.719;;;;;
2008-05-18;1:15:00;4.391;0.573715967;4.722;;;;;
2008-05-18;1:30:00;4.48;0.603230622;4.724;;;;;
2008-05-18;1:45:00;4.34;0.557202002;4.727;;;;;
2008-05-18;2:00:00;4.347;0.559451503;4.731;;;;;
2008-05-18;2:15:00;4.468;0.599199242;4.733;;;;;
2008-05-18;2:30:00;4.376;0.568828867;4.733;;;;;
2008-05-18;2:45:00;4.368;0.566232664;4.736;;;;;
2008-05-18;3:00:00;4.603;0.645491877;4.737;;;;;
2008-05-18;3:15:00;4.661;0.666018207;4.738;;;;;
2008-05-18;3:30:00;4.758;0.70121216;4.74;;;;;
2008-05-18;3:45:00;4.699;0.679676035;4.741;;;;;
2008-05-18;4:00:00;4.784;0.710830856;4.743;;;;;
2008-05-18;4:15:00;4.743;0.695698643;4.744;;;;;
2008-05-18;4:30:00;4.832;0.72879546;4.745;;;;;
2008-05-18;4:45:00;4.824;0.725782667;4.745;;;;;
2008-05-18;5:00:00;4.985;0.78786399;4.743;;;;;
2008-05-18;5:15:00;4.891;0.751246569;4.741;;;;;
2008-05-18;5:30:00;5.109;0.837776359;4.74;;;;;
2008-05-18;5:45:00;5.191;0.871798097;4.734;;;;;
2008-05-18;6:00:00;5.238;0.891665739;4.73;;;;;
2008-05-18;6:15:00;5.12;0.842293107;4.722;;;;;
2008-05-18;6:30:00;5.208;0.878953264;4.716;;;;;
2008-05-18;6:45:00;5.309;0.922189467;4.708;;;;;
2008-05-18;7:00:00;5.267;0.904058722;4.699;;;;;
2008-05-18;7:15:00;5.269;0.904917195;4.688;;;;;
2008-05-18;7:30:00;5.184;0.868862046;4.681;;;;;
2008-05-18;7:45:00;5.22;0.884025112;4.674;;;;;
2008-05-18;8:00:00;5.183;0.868443095;4.666;;;;;
2008-05-18;8:15:00;5.092;0.830824571;4.66;;;;;
2008-05-18;8:30:00;5.029;0.805364409;4.658;;;;;
2008-05-18;8:45:00;5.202;0.876423904;4.653;;;;;
2008-05-18;9:00:00;5.194;0.873058224;4.646;;;;;
2008-05-18;9:15:00;5.163;0.860089522;4.642;;;;;
2008-05-18;9:30:00;5.17;0.863007763;4.636;;;;;
2008-05-18;9:45:00;5.154;0.85634621;4.63;;;;;
2008-05-18;10:00:00;5.087;0.828786538;4.628;;;;;
2008-05-18;10:15:00;5.214;0.881486999;4.626;;;;;
2008-05-18;10:30:00;5.152;0.855515693;4.625;;;;;
2008-05-18;10:45:00;5.099;0.833682863;4.624;;;;;
2008-05-18;11:00:00;5.228;0.887416075;4.625;;;;;
2008-05-18;11:15:00;5.083;0.827158275;4.625;;;;;
2008-05-18;11:30:00;5.169;0.862590508;4.628;;;;;
2008-05-18;11:45:00;5.222;0.884872123;4.628;;;;;
2008-05-18;12:00:00;5.166;0.86133947;4.632;;;;;
2008-05-18;12:15:00;5.162;0.859673115;4.633;;;;;
2008-05-18;12:30:00;5.094;0.831640625;4.635;;;;;
2008-05-18;12:45:00;5.041;0.810177332;4.639;;;;;
2008-05-18;13:00:00;5.163;0.860089522;4.641;;;;;
2008-05-18;13:15:00;5.231;0.888689695;4.645;;;;;
2008-05-18;13:30:00;5.132;0.847237097;4.648;;;;;
2008-05-18;13:45:00;5.082;0.826751509;4.651;;;;;
2008-05-18;14:00:00;5.06;0.817833011;4.655;;;;;
2008-05-18;14:15:00;5.179;0.866768504;4.66;;;;;
2008-05-18;14:30:00;5.044;0.811383252;4.665;;;;;
2008-05-18;14:45:00;5.054;0.815410761;4.67;;;;;
2008-05-18;15:00:00;4.937;0.7690351;4.673;;;;;
2008-05-18;15:15:00;4.919;0.762044619;4.678;;;;;
2008-05-18;15:30:00;5.116;0.840648967;4.68;;;;;
2008-05-18;15:45:00;5.066;0.820259574;4.683;;;;;
2008-05-18;16:00:00;5.12;0.842293107;4.688;;;;;
2008-05-18;16:15:00;5.005;0.795790131;4.692;;;;;
2008-05-18;16:30:00;4.992;0.790632725;4.698;;;;;
2008-05-18;16:45:00;5.045;0.811785465;4.701;;;;;
2008-05-18;17:00:00;5.085;0.827972166;4.708;;;;;
2008-05-18;17:15:00;4.958;0.777239118;4.71;;;;;
2008-05-18;17:30:00;4.914;0.760109613;4.716;;;;;
2008-05-18;17:45:00;4.929;0.765923491;4.722;;;;;
2008-05-18;18:00:00;4.938;0.769424584;4.724;;;;;
2008-05-18;18:15:00;4.948;0.773325929;4.729;;;;;
2008-05-18;18:30:00;4.966;0.780378207;4.734;;;;;
2008-05-18;18:45:00;5.075;0.823907509;4.736;;;;;
2008-05-18;19:00:00;4.96;0.778023179;4.741;;;;;
2008-05-18;19:15:00;4.949;0.773716714;4.745;;;;;
2008-05-18;19:30:00;5.02;0.801766003;4.75;;;;;
2008-05-18;19:45:00;4.917;0.761270262;4.755;;;;;
2008-05-18;20:00:00;4.979;0.785495425;4.762;;;;;
2008-05-18;20:15:00;4.932;0.767089458;4.765;;;;;
2008-05-18;20:30:00;4.889;0.750478816;4.771;;;;;
2008-05-18;20:45:00;5.024;0.803364101;4.774;;;;;
2008-05-18;21:00:00;5.016;0.800169814;4.778;;;;;
2008-05-18;21:15:00;5.066;0.820259574;4.78;;;;;
2008-05-18;21:30:00;5.157;0.857592892;4.784;;;;;
2008-05-18;21:45:00;5.157;0.857592892;4.785;;;;;
2008-05-18;22:00:00;5.14;0.85054274;4.784;;;;;
2008-05-18;22:15:00;5.148;0.853856109;4.783;;;;;
2008-05-18;22:30:00;5.164;0.860506051;4.78;;;;;
2008-05-18;22:45:00;5.169;0.862590508;4.776;;;;;
2008-05-18;23:00:00;5.298;0.917420054;4.768;;;;;
2008-05-18;23:15:00;5.178;0.866350159;4.763;;;;;
2008-05-18;23:30:00;5.273;0.90663561;4.754;;;;;
2008-05-18;23:45:00;5.262;0.901914676;4.746;;;;;
2008-05-19;0:00:00;5.245;0.894647753;4.738;;;;;
2008-05-19;0:15:00;5.197;0.874319443;4.729;;;;;
2008-05-19;0:30:00;5.354;0.941855464;4.719;;;;;
