Date;Time;Temperature;Millivolts;pH
2022-02-10;00:00:00;-0.05;-8.73;6.651652813
2022-02-11;00:15:00;-0.05;-9.11;6.659011364
2022-02-12;00:30:00;-0.05;-9.17;6.660237789
2022-02-13;00:45:00;-0.05;-9.22;
2022-02-14;01:00:00;-0.05;-9.13;6.65931797
2022-02-15;01:15:00;-0.05;-9.38;6.664224148
2022-02-16;01:30:00;-0.05;-9.33;6.663303852
2022-02-17;01:45:00;-0.05;-9.06;6.658091545
2022-02-18;02:00:00;-0.05;-9.14;6.659624577
2022-02-19;02:15:00;-0.05;-9.11;6.659011364
2022-02-20;02:30:00;-0.05;-9.2;6.660851002
2022-02-21;02:45:00;-0.05;-9.34;6.663610458
2022-02-22;03:00:00;-0.05;-9.22;6.661157608
2022-02-23;03:15:00;-0.05;-8.84;6.653799057
2022-02-24;03:30:00;-0.05;-9.28;6.662384033
2022-02-25;03:45:00;-0.05;-9.3;6.662690639
2022-02-26;04:00:00;-0.05;-9.28;6.662384033
2022-02-28;04:30:00;-0.05;-9.36;6.663917065
2022-03-01;04:45:00;-0.05;-9.22;6.661157608
2022-03-02;05:00:00;-0.05;-9.13;6.65931797
2022-03-03;05:15:00;-0.05;-9.28;6.662384033
2022-03-04;05:30:00;-0.05;-9.19;6.660544395
2022-03-05;05:45:00;-0.05;-9.39;6.664530754
2022-03-06;06:00:00;-0.05;-9.45;6.665757179
2022-03-07;06:15:00;-0.05;-9.11;6.659011364
2022-03-08;06:30:00;-0.05;-9.09;6.658704758
2022-03-09;06:45:00;-0.05;-9.3;6.662690639
2022-03-10;07:00:00;-0.05;-9.19;6.660544395
2022-03-11;07:15:00;-0.05;-9.28;6.662384033
2022-03-12;07:30:00;-0.05;-9.14;6.659624577
2022-03-13;07:45:00;-0.05;-9.34;6.663610458
2022-03-14;08:00:00;-0.05;-9.41;6.66483736
2022-03-15;08:15:00;-0.05;-9.17;6.660237789
2022-03-16;08:30:00;-0.05;-9.27;6.662077427
2022-03-17;08:45:00;-0.05;-9.22;6.661157608
2022-03-18;09:00:00;-0.05;-9.23;6.661464214
2022-03-19;09:15:00;-0.05;-9.38;6.664224148
2022-03-20;09:30:00;-0.05;-9.45;6.665757179
2022-03-21;09:45:00;-0.05;-9.44;6.665450573
2022-03-22;10:00:00;-0.05;-9.3;6.662690639
2022-03-23;10:15:00;-0.05;-9.3;6.662690639
2022-03-24;10:30:00;-0.05;-9.39;6.664530754
2022-03-25;10:45:00;-0.05;-9.2;6.660851002
2022-03-26;11:00:00;-0.05;-9.31;6.662997246
2022-03-27;11:15:00;-0.05;-9.69;6.670356274
2022-03-28;11:30:00;-0.05;-9.33;6.663303852
2022-03-29;11:45:00;-0.05;-9.38;6.664224148
2022-03-30;12:00:00;-0.05;-9.38;6.664224148
2022-03-31;12:15:00;-0.05;-9.23;6.661464214
2022-04-01;12:30:00;-0.05;-9.27;6.662077427
2022-04-02;12:45:00;-0.05;-9.38;6.664224148
2022-04-03;13:00:00;-0.05;-9.16;6.659931183
2022-04-04;13:15:00;-0.05;-10.53;6.686913013
2022-04-05;13:30:00;-0.14;-12.3;6.721475124
2022-04-06;13:45:00;-0.3;-12.39;6.723145485
2022-04-07;14:00:00;-0.22;-12.86;6.732434273
2022-04-08;14:15:00;-0.16;-12.84;6.732182503
2022-04-09;15:00:00;0.11;-11.31;6.677357674
2022-04-10;15:15:00;-0.02;-8.52;6.622967243
2022-04-11;15:30:00;-0.05;-8.05;6.613839626
2022-04-12;15:45:00;-0.05;-7.13;6.595964432
2022-04-13;16:00:00;-0.05;-7.44;6.602023602
2022-04-14;16:15:00;-0.05;-7.55;6.604144573
2022-04-15;16:30:00;-0.05;-7.39;6.60111475
2022-04-16;16:45:00;-0.05;-7.31;6.599599838
2022-04-17;17:00:00;-0.05;-7.41;6.601417542
2022-04-18;17:15:00;-0.05;-7.14;6.596267223
2022-04-19;17:30:00;-0.05;-7.13;6.595964432
2022-04-20;17:45:00;-0.05;-7.02;6.59384346
2022-04-21;18:00:00;-0.05;-7.11;6.595661163
2022-04-22;18:15:00;-0.05;-6.98;6.5932374
2022-04-23;18:30:00;-0.05;-7.22;6.597782135
2022-04-24;18:45:00;-0.05;-7.45;6.60232687
2022-04-25;19:00:00;-0.05;-7.16;6.596570015
2022-04-26;19:15:00;-0.05;-7.03;6.594146252
2022-04-27;19:30:00;-0.05;-7.33;6.599903107
2022-04-28;19:45:00;-0.05;-7.05;6.59444952
2022-04-29;20:00:00;-0.05;-7.03;6.594146252
2022-04-30;20:15:00;-0.05;-7.47;6.602629662
2022-05-01;20:30:00;-0.05;-7.28;6.598993778
2022-05-02;20:45:00;-0.05;-7.5;6.603235722
2022-05-03;21:00:00;-0.05;-6.92;6.592025757
2022-05-04;21:15:00;-0.05;-7.44;6.602023602
2022-05-05;21:30:00;-0.05;-7.58;6.604750633
2022-05-06;21:45:00;-0.05;-7.77;6.60838604
2022-05-07;22:00:00;-0.05;-7.06;6.594752312
2022-05-08;22:15:00;-0.05;-7.77;6.60838604
2022-05-09;22:30:00;-0.05;-7.73;6.60777998
2022-05-10;22:45:00;-0.05;-6.88;6.591116905
2022-05-11;23:00:00;-0.05;-7.38;6.600811958
2022-05-12;23:15:00;-0.05;-6.78;6.589298725
2022-05-13;23:30:00;-0.05;-6.97;6.592934608
2022-05-14;23:45:00;-0.05;-7.88;6.610507011
2022-05-15;00:00:00;-0.05;-7.55;6.604144573
2022-05-16;00:15:00;-0.05;-7.41;6.601417542
2022-05-17;00:30:00;-0.05;-7.77;6.60838604
2022-05-18;00:45:00;-0.05;-8.16;6.615960598
2022-05-19;01:00:00;-0.05;-7.38;6.600811958
2022-05-20;01:15:00;-0.05;-7.77;6.60838604
2022-05-21;01:30:00;-0.05;-7.72;6.607477188
2022-05-22;01:45:00;-0.05;-7.77;6.60838604
2022-05-23;02:00:00;-0.05;-7.89;6.610809803
2022-05-24;02:15:00;-0.05;-7.92;6.611415863
2022-05-25;02:30:00;-0.05;-8.05;6.613839626
2022-05-26;02:45:00;-0.05;-7.92;6.611415863
2022-05-27;03:00:00;-0.05;-7.86;6.610203743
2022-05-28;03:15:00;-0.05;-7.73;6.60777998
2022-05-29;03:30:00;-0.05;-7.81;6.609294891
2022-05-30;03:45:00;-0.05;-7.97;6.612324715
2022-05-31;04:00:00;-0.05;-7.72;6.607477188
2022-06-01;04:15:00;-0.05;-8.16;6.615960598
2022-06-02;04:30:00;-0.05;-7.83;6.60959816
2022-06-03;04:45:00;-0.05;-7.91;6.611113071
2022-06-04;05:00:00;-0.05;-8.25;6.617778301
2022-06-05;05:15:00;-0.05;-8.19;6.616566181
2022-06-06;05:30:00;-0.05;-8.06;6.614142418
2022-06-07;05:45:00;-0.05;-8.28;6.618384361
2022-06-08;06:00:00;-0.05;-8.19;6.616566181
2022-06-09;06:15:00;-0.05;-7.8;6.6089921
2022-06-10;06:30:00;-0.05;-8.38;6.620202065
2022-06-11;06:45:00;-0.05;-7.83;6.60959816
2022-06-12;07:00:00;-0.05;-8.34;6.619596004
2022-06-13;07:15:00;-0.05;-7.8;6.6089921
2022-06-14;07:30:00;-0.05;-8.14;6.61565733
2022-06-15;07:45:00;-0.05;-8.08;6.614445686
2022-06-16;08:00:00;-0.05;-8.13;6.615354538
2022-06-17;08:15:00;-0.05;-8.17;6.61626339
2022-06-18;08:30:00;-0.05;-7.77;6.60838604
2022-06-19;08:45:00;-0.05;-8.44;6.621413708
2022-06-20;09:00:00;-0.05;-8.17;6.61626339
2022-06-21;09:15:00;-0.05;-8.09;6.614748478
2022-06-22;09:30:00;-0.05;-8.22;6.617172241
2022-06-23;09:45:00;-0.05;-8.25;6.617778301
2022-06-24;10:00:00;-0.05;-8.5;6.622625828
2022-06-25;10:15:00;-0.05;-8.44;6.621413708
2022-06-26;10:30:00;-0.05;-8.31;6.618989944
2022-06-27;10:45:00;-0.05;-8.22;6.617172241
2022-06-28;11:00:00;-0.05;-8.69;6.626261234
2022-06-29;11:15:00;-0.05;-7.83;6.60959816
2022-06-30;11:30:00;-0.05;-8.05;6.613839626
2022-07-01;11:45:00;-0.05;-8.36;6.619898796
2022-07-02;12:00:00;-0.05;-8.5;6.622625828
2022-07-03;12:15:00;-0.05;-8.48;6.622322559
2022-07-04;12:30:00;-0.05;-8.19;6.616566181
2022-07-05;12:45:00;-0.05;-7.92;6.611415863
2022-07-06;13:00:00;-0.05;-8.14;6.61565733
2022-07-07;13:15:00;-0.05;-8.72;6.626867294
2022-07-08;13:30:00;-0.05;-8.11;6.61505127
2022-07-09;13:45:00;-0.05;-7.88;6.610507011
2022-07-10;14:00:00;-0.05;-8.58;6.624140739
2022-07-11;14:15:00;-0.05;-8.09;6.614748478
2022-07-12;14:30:00;-0.05;-8.17;6.61626339
2022-07-13;14:45:00;-0.05;-8.64;6.625352383
2022-07-14;15:00:00;-0.05;-8.52;6.622928619
2022-07-15;15:15:00;-0.05;-8.3;6.618687153
2022-07-16;15:30:00;-0.05;-8.09;6.614748478
2022-07-17;15:45:00;-0.05;-8.48;6.622322559
2022-07-18;16:00:00;-0.05;-8.33;6.619293213
2022-07-19;16:15:00;-0.05;-8.77;6.627776146
2022-07-20;16:30:00;-0.05;-8.53;6.623231888
2022-07-21;16:45:00;-0.05;-8.23;6.617475033
2022-07-22;17:00:00;-0.05;-8.03;6.613536835
2022-07-23;17:15:00;-0.05;-7.98;6.612627506
2022-07-24;17:30:00;-0.05;-8.11;6.61505127
2022-07-25;17:45:00;-0.05;-7.69;6.606871128
2022-07-26;18:00:00;-0.05;-7.88;6.610507011
2022-07-27;18:15:00;-0.05;-8.33;6.619293213
2022-07-28;18:30:00;-0.05;-8.3;6.618687153
2022-07-29;18:45:00;-0.05;-8.58;6.624140739
2022-07-30;19:00:00;-0.05;-8.16;6.615960598
2022-07-31;19:15:00;-0.05;-8.63;6.625049591
2022-08-01;19:30:00;-0.05;-8.52;6.622928619
2022-08-02;19:45:00;-0.05;-8.03;6.613536835
2022-08-03;20:00:00;-0.05;-8.17;6.61626339
2022-08-04;20:15:00;-0.05;-8.39;6.620504856
2022-08-05;20:30:00;-0.05;-8.42;6.621110916
2022-08-06;20:45:00;-0.05;-8.22;6.617172241
2022-08-07;21:00:00;-0.05;-8.34;6.619596004
2022-08-08;21:15:00;-0.05;-8.48;6.622322559
2022-08-09;21:30:00;-0.05;-8.48;6.622322559
2022-08-10;21:45:00;-0.05;-8.48;6.622322559
2022-08-11;22:00:00;-0.05;-8.5;6.622625828
2022-08-12;22:15:00;-0.05;-8.16;6.615960598
2022-08-13;22:30:00;-0.05;-8.48;6.622322559
2022-08-14;22:45:00;-0.05;-8.73;6.627170563
2022-08-15;23:00:00;-0.05;-8.5;6.622625828
2022-08-16;23:15:00;-0.05;-8.3;6.618687153
2022-08-17;23:30:00;-0.05;-8.44;6.621413708
2022-08-18;23:45:00;-0.05;-8.64;6.625352383
2022-08-19;00:00:00;-0.05;-8.47;6.622019768
2022-08-20;00:15:00;-0.05;-8.63;6.625049591
2022-08-21;00:30:00;-0.05;-8.19;6.616566181
2022-08-22;00:45:00;-0.05;-8.38;6.620202065
2022-08-23;01:00:00;-0.05;-8.8;6.628382206
2022-08-24;01:15:00;-0.05;-8.38;6.620202065
2022-08-25;01:30:00;-0.05;-8.09;6.614748478
2022-08-26;01:45:00;-0.05;-8.33;6.619293213
2022-08-27;02:00:00;-0.05;-8.33;6.619293213
2022-08-28;02:15:00;-0.05;-8.73;6.627170563
2022-08-29;02:30:00;-0.05;-8.8;6.628382206
2022-08-30;02:45:00;-0.05;-8.61;6.624746799
2022-08-31;03:00:00;-0.05;-8.36;6.619898796
2022-09-01;03:15:00;-0.05;-8.38;6.620202065
2022-09-02;03:30:00;-0.05;-8.97;6.631714821
2022-09-03;03:45:00;-0.05;-8.7;6.626564503
2022-09-04;04:00:00;-0.05;-8.44;6.621413708
2022-09-05;04:15:00;-0.05;-8.42;6.621110916
2022-09-06;04:30:00;-0.05;-8.27;6.618081093
2022-09-07;04:45:00;-0.05;-8.33;6.619293213
2022-09-08;05:00:00;-0.05;-8.52;6.622928619
2022-09-09;05:15:00;-0.05;-8.27;6.618081093
2022-09-10;05:30:00;-0.05;-8.53;6.623231888
2022-09-11;05:45:00;-0.05;-8.67;6.625958443
2022-09-12;06:00:00;-0.05;-8.22;6.617172241
2022-09-13;06:15:00;-0.05;-8.88;6.629897118
2022-09-14;06:30:00;-0.05;-8.53;6.623231888
2022-09-15;06:45:00;-0.05;-8.7;6.626564503
2022-09-16;07:00:00;-0.05;-8.72;6.626867294
2022-09-17;07:15:00;-0.05;-8.45;6.621716976
2022-09-18;07:30:00;-0.05;-8.75;6.627473354
2022-09-19;07:45:00;-0.05;-8.83;6.628988266
2022-09-20;08:00:00;-0.05;-8.52;6.622928619
2022-09-21;08:15:00;-0.05;-8.83;6.628988266
2022-09-22;08:30:00;-0.05;-8.89;6.630199909
2022-09-23;08:45:00;-0.05;-8.31;6.618989944
2022-09-24;09:00:00;-0.05;-8.69;6.626261234
2022-09-25;09:15:00;-0.05;-8.27;6.618081093
2022-09-26;09:30:00;-0.05;-8.73;6.627170563
2022-09-27;09:45:00;-0.05;-8.7;6.626564503
2022-09-28;10:00:00;-0.05;-8.66;6.625655651
2022-09-29;10:15:00;-0.05;-8.7;6.626564503
2022-09-30;10:30:00;-0.05;-8.86;6.629594326
2022-10-01;10:45:00;-0.05;-8.66;6.625655651
2022-10-02;11:00:00;-0.05;-8.22;6.617172241
2022-10-03;11:15:00;-0.05;-8.2;6.61686945
2022-10-04;11:30:00;-0.05;-8.58;6.624140739
2022-10-05;11:45:00;-0.05;-8.48;6.622322559
2022-10-06;12:00:00;-0.05;-8.84;6.629291058
2022-10-07;12:15:00;-0.05;-8.75;6.627473354
2022-10-08;12:30:00;-0.05;-8.77;6.627776146
2022-10-09;12:45:00;-0.05;-8.59;6.624443531
2022-10-10;13:00:00;-0.05;-8.45;6.621716976
2022-10-11;13:15:00;-0.05;-8.67;6.625958443
2022-10-12;13:30:00;-0.05;-8.91;6.630503178
2022-10-13;13:45:00;-0.05;-8.7;6.626564503
2022-10-14;14:00:00;-0.05;-8.42;6.621110916
2022-10-15;14:15:00;-0.05;-8.63;6.625049591
2022-10-16;14:30:00;-0.05;-8.47;6.622019768
2022-10-17;14:45:00;-0.05;-8.63;6.625049591
2022-10-18;15:00:00;-0.05;-8.56;6.623837471
2022-10-19;15:15:00;-0.05;-8.94;6.631108761
2022-10-20;15:30:00;-0.05;-8.8;6.628382206
2022-10-21;15:45:00;-0.05;-8.86;6.629594326
2022-10-22;16:00:00;-0.05;-8.56;6.623837471
2022-10-23;16:15:00;-0.05;-8.78;6.628079414
2022-10-24;16:30:00;-0.05;-8.78;6.628079414
2022-10-25;16:45:00;-0.05;-8.83;6.628988266
2022-10-26;17:00:00;-0.05;-8.81;6.628684998
2022-10-27;17:15:00;-0.05;-8.7;6.626564503
2022-10-28;17:30:00;-0.05;-8.89;6.630199909
2022-10-29;17:45:00;-0.05;-8.59;6.624443531
2022-10-30;18:00:00;-0.05;-8.91;6.630503178
2022-10-31;18:15:00;-0.05;-8.58;6.624140739
2022-11-01;18:30:00;-0.05;-8.55;6.623534679
2022-11-02;18:45:00;-0.05;-8.36;6.619898796
2022-11-03;19:00:00;-0.05;-9.09;6.634138584
2022-11-04;19:15:00;-0.05;-8.59;6.624443531
2022-11-05;19:30:00;-0.05;-8.86;6.629594326
2022-11-06;19:45:00;-0.05;-8.97;6.631714821
2022-11-07;20:00:00;-0.05;-8.77;6.627776146
2022-11-08;20:15:00;-0.05;-9.23;6.636865616
2022-11-09;20:30:00;-0.05;-9.05;6.633229733
2022-11-10;20:45:00;-0.05;-8.8;6.628382206
2022-11-11;21:00:00;-0.05;-8.67;6.625958443
2022-11-12;21:15:00;-0.05;-8.86;6.629594326
2022-11-13;21:30:00;-0.05;-9.02;6.632623672
2022-11-14;21:45:00;-0.05;-9.09;6.634138584
2022-11-15;22:00:00;-0.05;-8.94;6.631108761
2022-11-16;22:15:00;-0.05;-8.77;6.627776146
2022-11-17;22:30:00;-0.05;-8.94;6.631108761
2022-11-18;22:45:00;-0.05;-8.7;6.626564503
2022-11-19;23:00:00;-0.05;-8.78;6.628079414
2022-11-20;23:15:00;-0.05;-9.28;6.637774467
2022-11-21;23:30:00;-0.05;-8.5;6.622625828
2022-11-22;23:45:00;-0.05;-8.55;6.623534679
2022-11-23;00:00:00;-0.05;-8.88;6.629897118
2022-11-24;00:15:00;-0.05;-8.78;6.628079414
2022-11-25;00:30:00;-0.05;-8.63;6.625049591
2022-11-26;00:45:00;-0.05;-8.95;6.631412029
2022-11-27;01:00:00;-0.05;-8.75;6.627473354
2022-11-28;01:15:00;-0.05;-8.86;6.629594326
2022-11-29;01:30:00;-0.05;-9;6.632320881
2022-11-30;01:45:00;-0.05;-8.48;6.622322559
2022-12-01;02:00:00;-0.05;-9.03;6.632926941
2022-12-02;02:15:00;-0.05;-9.06;6.633532524
2022-12-03;02:30:00;-0.05;-8.95;6.631412029
2022-12-04;02:45:00;-0.05;-9.19;6.635956287
2022-12-05;03:00:00;-0.05;-8.3;6.618687153
2022-12-06;03:15:00;-0.05;-9.03;6.632926941
2022-12-07;03:30:00;-0.05;-9.2;6.636259556
2022-12-08;03:45:00;-0.05;-8.92;6.630805969
2022-12-09;04:00:00;-0.05;-8.95;6.631412029
2022-12-10;04:15:00;-0.05;-8.67;6.625958443
2022-12-11;04:30:00;-0.05;-9.27;6.637471199
2022-12-12;04:45:00;-0.05;-9;6.632320881
2022-12-13;05:00:00;-0.05;-9.3;6.638077259
2022-12-14;05:15:00;-0.05;-8.94;6.631108761
2022-12-15;05:30:00;-0.05;-9.09;6.634138584
2022-12-16;05:45:00;-0.05;-8.91;6.630503178
2022-12-17;06:00:00;-0.05;-9.06;6.633532524
2022-12-18;06:15:00;-0.05;-8.69;6.626261234
2022-12-19;06:30:00;-0.05;-9.13;6.634744644
2022-12-20;06:45:00;-0.05;-8.69;6.626261234
2022-12-21;07:00:00;-0.05;-9.19;6.635956287
2022-12-22;07:15:00;-0.05;-9.02;6.632623672
2022-12-23;07:30:00;-0.05;-8.89;6.630199909
2022-12-24;07:45:00;-0.05;-9.06;6.633532524
2022-12-25;08:00:00;-0.05;-9.42;6.640501022
2022-12-26;08:15:00;-0.05;-8.47;6.622019768
2022-12-27;08:30:00;-0.05;-9.03;6.632926941
2022-12-28;08:45:00;-0.05;-9.17;6.635653496
2022-12-29;09:00:00;-0.05;-9.14;6.635047436
2022-12-30;09:15:00;-0.05;-8.83;6.628988266
2022-12-31;09:30:00;-0.05;-8.64;6.625352383
2023-01-01;09:45:00;-0.05;-9.09;6.634138584
2023-01-02;10:00:00;-0.05;-9.05;6.633229733
2023-01-03;10:15:00;-0.05;-8.75;6.627473354
2023-01-04;10:30:00;-0.05;-9.2;6.636259556
2023-01-05;10:45:00;-0.05;-8.84;6.629291058
2023-01-06;11:00:00;-0.05;-9.2;6.636259556
2023-01-07;11:15:00;-0.05;-9.16;6.635350704
2023-01-08;11:30:00;-0.05;-8.61;6.624746799
2023-01-09;11:45:00;-0.05;-8.67;6.625958443
2023-01-10;12:00:00;-0.05;-8.52;6.622928619
2023-01-11;12:15:00;-0.05;-9.06;6.633532524
2023-01-12;12:30:00;-0.05;-9.09;6.634138584
2023-01-13;12:45:00;-0.05;-8.72;6.626867294
2023-01-14;13:00:00;-0.05;-8.98;6.632018089
2023-01-15;13:15:00;-0.05;-9;6.632320881
2023-01-16;13:30:00;-0.05;-8.95;6.631412029
2023-01-17;13:45:00;-0.05;-8.89;6.630199909
2023-01-18;14:00:00;-0.05;-8.92;6.630805969
2023-01-19;14:15:00;-0.05;-9;6.632320881
2023-01-20;14:30:00;-0.05;-9.11;6.634441853
2023-01-21;14:45:00;-0.05;-8.8;6.628382206
2023-01-22;15:00:00;-0.05;-8.53;6.623231888
2023-01-23;15:15:00;-0.05;-8.84;6.629291058
2023-01-24;15:30:00;-0.05;-9.08;6.633835793
2023-01-25;15:45:00;-0.05;-8.97;6.631714821
2023-01-26;16:00:00;-0.05;-9;6.632320881
2023-01-27;16:15:00;-0.05;-9.36;6.639289379
2023-01-28;16:30:00;-0.05;-9.33;6.638683319
2023-01-29;16:45:00;-0.05;-9.05;6.633229733
2023-01-30;17:00:00;-0.05;-9.13;6.634744644
2023-01-31;17:15:00;-0.05;-8.94;6.631108761
2023-02-01;17:30:00;-0.05;-8.98;6.632018089
2023-02-02;17:45:00;-0.05;-9.14;6.635047436
2023-02-03;18:00:00;-0.05;-9.38;6.639592171
2023-02-04;18:15:00;-0.05;-9.19;6.635956287
2023-02-05;18:30:00;-0.05;-9.14;6.635047436
2023-02-06;18:45:00;-0.05;-8.81;6.628684998
2023-02-07;19:00:00;-0.05;-9.19;6.635956287
2023-02-08;19:15:00;-0.05;-9.33;6.638683319
2023-02-09;19:30:00;-0.05;-8.84;6.629291058
2023-02-10;19:45:00;-0.05;-9.17;6.635653496
2023-02-11;20:00:00;-0.05;-9.28;6.637774467
2023-02-12;20:15:00;-0.05;-8.83;6.628988266
2023-02-13;20:30:00;-0.05;-9.31;6.638380051
2023-02-14;20:45:00;-0.05;-8.89;6.630199909
2023-02-15;21:00:00;-0.05;-9;6.632320881
2023-02-16;21:15:00;-0.05;-9.53;6.642621994
2023-02-17;21:30:00;-0.05;-9.69;6.645651817
2023-02-18;21:45:00;-0.05;-8.81;6.628684998
2023-02-19;22:00:00;-0.05;-9.09;6.634138584
2023-02-20;22:15:00;-0.05;-9.2;6.636259556
2023-02-21;22:30:00;-0.05;-9.34;6.638986111
2023-02-22;22:45:00;-0.05;-9.55;6.642924786
2023-02-23;23:00:00;-0.05;-9.31;6.638380051
2023-02-24;23:15:00;-0.05;-9.22;6.636562347
2023-02-25;23:30:00;-0.05;-9.48;6.641713142
2023-02-26;23:45:00;-0.05;-9.2;6.636259556
2023-02-27;00:00:00;-0.05;-9.38;6.639592171
2023-02-28;00:15:00;-0.05;-9.3;6.638077259
2023-03-01;00:30:00;-0.05;-9.13;6.634744644
2023-03-02;00:45:00;-0.05;-9.14;6.635047436
2023-03-03;01:00:00;-0.05;-9.34;6.638986111
2023-03-04;01:15:00;-0.05;-9.52;6.642318726
2023-03-05;01:30:00;-0.05;-9.17;6.635653496
2023-03-06;01:45:00;-0.05;-9.41;6.640198231
2023-03-07;02:00:00;-0.05;-8.7;6.626564503
2023-03-08;02:15:00;-0.05;-9.47;6.641409874
2023-03-09;02:30:00;-0.05;-9.33;6.638683319
2023-03-10;02:45:00;-0.05;-9.58;6.643530846
2023-03-11;03:00:00;-0.05;-9.38;6.639592171
2023-03-12;03:15:00;-0.05;-9.33;6.638683319
2023-03-13;03:30:00;-0.05;-9.67;6.645348549
2023-03-14;03:45:00;-0.05;-9.72;6.646257401
2023-03-15;04:00:00;-0.05;-9.06;6.633532524
2023-03-16;04:15:00;-0.05;-9.47;6.641409874
2023-03-17;04:30:00;-0.05;-9.5;6.642015934
2023-03-18;04:45:00;-0.05;-9.58;6.643530846
2023-03-19;05:00:00;-0.05;-9.56;6.643227577
2023-03-20;05:15:00;-0.05;-9.11;6.634441853
2023-03-21;05:30:00;-0.05;-9.53;6.642621994
2023-03-22;05:45:00;-0.05;-9.64;6.644742489
2023-03-23;06:00:00;-0.05;-9.36;6.639289379
2023-03-24;06:15:00;-0.05;-9.06;6.633532524
2023-03-25;06:30:00;-0.05;-9.44;6.640803814
2023-03-26;06:45:00;-0.05;-9.63;6.644439697
2023-03-27;07:00:00;-0.05;-9.08;6.633835793
2023-03-28;07:15:00;-0.05;-9.23;6.636865616
2023-03-29;07:30:00;-0.05;-9.36;6.639289379
2023-03-30;07:45:00;-0.05;-9.72;6.646257401
2023-03-31;08:00:00;-0.05;-9.59;6.643833637
2023-04-01;08:15:00;-0.05;-9.52;6.642318726
2023-04-02;08:30:00;-0.05;-9.47;6.641409874
2023-04-03;08:45:00;-0.05;-9.8;6.647772312
2023-04-04;09:00:00;-0.05;-9.34;6.638986111
2023-04-05;09:15:00;-0.05;-9.61;6.644136906
2023-04-06;09:30:00;-0.05;-9.67;6.645348549
2023-04-07;09:45:00;-0.05;-9.69;6.645651817
2023-04-08;10:00:00;-0.05;-9.56;6.643227577
2023-04-09;10:15:00;-0.05;-9.72;6.646257401
2023-04-10;10:30:00;-0.05;-9.19;6.635956287
2023-04-11;10:45:00;-0.05;-9.02;6.632623672
2023-04-12;11:00:00;-0.05;-9.59;6.643833637
2023-04-13;11:15:00;-0.05;-9.67;6.645348549
2023-04-14;11:30:00;-0.05;-9.56;6.643227577
2023-04-15;11:45:00;-0.05;-8.91;6.630503178
2023-04-16;12:00:00;-0.05;-9.45;6.641107082
2023-04-17;12:15:00;-0.05;-9.42;6.640501022
2023-04-18;12:30:00;-0.05;-9.47;6.641409874
2023-04-19;12:45:00;-0.05;-9.44;6.640803814
2023-04-20;13:00:00;-0.05;-9.5;6.642015934
2023-04-21;13:15:00;-0.05;-9.33;6.638683319
2023-04-22;13:30:00;-0.05;-9.39;6.639894962
2023-04-23;13:45:00;-0.05;-9.58;6.643530846
2023-04-24;14:00:00;-0.05;-9.36;6.639289379
2023-04-25;14:15:00;-0.05;-9.84;6.648681164
2023-04-26;14:30:00;-0.05;-9.53;6.642621994
2023-04-27;14:45:00;-0.05;-9.55;6.642924786
2023-04-28;15:00:00;-0.05;-9.42;6.640501022
2023-04-29;15:15:00;-0.05;-9.55;6.642924786
2023-04-30;15:30:00;-0.05;-9.03;6.632926941
2023-05-01;15:45:00;-0.05;-9.56;6.643227577
2023-05-02;16:00:00;-0.05;-9.47;6.641409874
2023-05-03;16:15:00;-0.05;-9.44;6.640803814
2023-05-04;16:30:00;-0.05;-9.34;6.638986111
2023-05-05;16:45:00;-0.05;-9.3;6.638077259
2023-05-06;17:00:00;-0.05;-9.45;6.641107082
2023-05-07;17:15:00;-0.05;-9.88;6.649287224
2023-05-08;17:30:00;-0.05;-9.5;6.642015934
2023-05-09;17:45:00;-0.05;-9.69;6.645651817
2023-05-10;18:00:00;-0.05;-9.63;6.644439697
2023-05-11;18:15:00;-0.05;-9.11;6.634441853
2023-05-12;18:30:00;-0.05;-9.42;6.640501022
2023-05-13;18:45:00;-0.05;-9.41;6.640198231
2023-05-14;19:00:00;-0.05;-9.64;6.644742489
2023-05-15;19:15:00;-0.05;-9.73;6.646560669
2023-05-16;19:30:00;-0.05;-9.42;6.640501022
2023-05-17;19:45:00;-0.05;-9.63;6.644439697
2023-05-18;20:00:00;-0.05;-9.61;6.644136906
2023-05-19;20:15:00;-0.05;-9.73;6.646560669
2023-05-20;20:30:00;-0.05;-9.36;6.639289379
2023-05-21;20:45:00;-0.05;-9.63;6.644439697
2023-05-22;21:00:00;-0.05;-9.28;6.637774467
2023-05-23;21:15:00;-0.05;-9.5;6.642015934
2023-05-24;21:30:00;-0.05;-9.7;6.645954609
2023-05-25;21:45:00;-0.05;-9.78;6.647469521
2023-05-26;22:00:00;-0.05;-9.59;6.643833637
2023-05-27;22:15:00;-0.05;-9.59;6.643833637
2023-05-28;22:30:00;-0.05;-9.19;6.635956287
2023-05-29;22:45:00;-0.05;-9.73;6.646560669
2023-05-30;23:00:00;-0.05;-9.44;6.640803814
2023-05-31;23:15:00;-0.05;-9.5;6.642015934
2023-06-01;23:30:00;-0.05;-9.8;6.647772312
2023-06-02;23:45:00;-0.05;-9.66;6.645045757
2023-06-03;00:00:00;-0.05;-9.42;6.640501022
2023-06-04;00:15:00;-0.05;-9.48;6.641713142
2023-06-05;00:30:00;-0.05;-9.53;6.642621994
2023-06-06;00:45:00;-0.05;-9.5;6.642015934
2023-06-07;01:00:00;-0.05;-9.7;6.645954609
2023-06-08;01:15:00;-0.05;-9.64;6.644742489
2023-06-09;01:30:00;-0.05;-9.08;6.633835793
2023-06-10;01:45:00;-0.05;-9.64;6.644742489
2023-06-11;02:00:00;-0.05;-9.7;6.645954609
2023-06-12;02:15:00;-0.05;-9.28;6.637774467
2023-06-13;02:30:00;-0.05;-9.67;6.645348549
2023-06-14;02:45:00;-0.05;-9.36;6.639289379
2023-06-15;03:00:00;-0.05;-9.61;6.644136906
2023-06-16;03:15:00;-0.05;-9.45;6.641107082
2023-06-17;03:30:00;-0.05;-9.33;6.638683319
2023-06-18;03:45:00;-0.05;-9.14;6.635047436
2023-06-19;04:00:00;-0.05;-9.8;6.647772312
2023-06-20;04:15:00;-0.05;-9.86;6.648984432
2023-06-21;04:30:00;-0.05;-9.28;6.637774467
2023-06-22;04:45:00;-0.05;-9.19;6.635956287
2023-06-23;05:00:00;-0.05;-9.72;6.646257401
2023-06-24;05:15:00;-0.05;-9.47;6.641409874
2023-06-25;05:30:00;-0.05;-9.55;6.642924786
2023-06-26;05:45:00;-0.05;-9.95;6.650802135
2023-06-27;06:00:00;-0.05;-9.77;6.647166252
2023-06-28;06:15:00;-0.05;-9.56;6.643227577
2023-06-29;06:30:00;-0.05;-9.78;6.647469521
2023-06-30;06:45:00;-0.05;-9.91;6.649893284
2023-07-01;07:00:00;-0.05;-9.41;6.640198231
2023-07-02;07:15:00;-0.05;-9.53;6.642621994
2023-07-03;07:30:00;-0.05;-9.77;6.647166252
2023-07-04;07:45:00;-0.05;-9.55;6.642924786
2023-07-05;08:00:00;-0.05;-9.61;6.644136906
2023-07-06;08:15:00;-0.05;-9.77;6.647166252
2023-07-07;08:30:00;-0.05;-9.34;6.638986111
2023-07-08;08:45:00;-0.05;-9.86;6.648984432
2023-07-09;09:00:00;-0.05;-9.36;6.639289379
2023-07-10;09:15:00;-0.05;-9.55;6.642924786
2023-07-11;09:30:00;-0.05;-9.86;6.648984432
2023-07-12;09:45:00;-0.05;-9.78;6.647469521
2023-07-13;10:00:00;-0.05;-9.56;6.643227577
2023-07-14;10:15:00;-0.05;-9.56;6.643227577
2023-07-15;10:30:00;-0.05;-9.75;6.646863461
2023-07-16;10:45:00;-0.05;-9.94;6.650499344
2023-07-17;11:00:00;-0.05;-9.88;6.649287224
2023-07-18;11:15:00;-0.05;-9.28;6.637774467
2023-07-19;11:30:00;-0.05;-9.52;6.642318726
2023-07-20;11:45:00;-0.05;-9.64;6.644742489
2023-07-21;12:00:00;-0.05;-9.8;6.647772312
2023-07-22;12:15:00;-0.05;-9.69;6.645651817
2023-07-23;12:30:00;-0.05;-9.52;6.642318726
2023-07-24;12:45:00;-0.05;-9.33;6.638683319
2023-07-25;13:00:00;-0.05;-9.64;6.644742489
2023-07-26;13:15:00;-0.05;-9.73;6.646560669
2023-07-27;13:30:00;-0.05;-9.11;6.634441853
2023-07-28;13:45:00;-0.05;-9.58;6.643530846
2023-07-29;14:00:00;-0.05;-9.61;6.644136906
2023-07-30;14:15:00;-0.05;-9.72;6.646257401
2023-07-31;14:30:00;-0.05;-9.5;6.642015934
2023-08-01;14:45:00;-0.05;-10;6.651710987
2023-08-02;15:00:00;-0.05;-9.41;6.640198231
2023-08-03;15:15:00;-0.05;-9.72;6.646257401
2023-08-04;15:30:00;-0.05;-9.72;6.646257401
2023-08-05;15:45:00;-0.05;-9.05;6.633229733
2023-08-06;16:00:00;-0.05;-9.56;6.643227577
2023-08-07;16:15:00;-0.05;-9.17;6.635653496
2023-08-08;16:30:00;-0.05;-9.41;6.640198231
2023-08-09;16:45:00;-0.05;-9.67;6.645348549
2023-08-10;17:00:00;-0.05;-9.2;6.636259556
2023-08-11;17:15:00;-0.05;-9.67;6.645348549
2023-08-12;17:30:00;-0.05;-9.23;6.636865616
2023-08-13;17:45:00;-0.05;-9.75;6.646863461
2023-08-14;18:00:00;-0.05;-9.42;6.640501022
2023-08-15;18:15:00;-0.05;-9.5;6.642015934
2023-08-16;18:30:00;-0.05;-9.34;6.638986111
2023-08-17;18:45:00;-0.05;-9.55;6.642924786
2023-08-18;19:00:00;-0.05;-9.48;6.641713142
2023-08-19;19:15:00;-0.05;-9.52;6.642318726
2023-08-20;19:30:00;-0.05;-9.53;6.642621994
2023-08-21;19:45:00;-0.05;-9.56;6.643227577
2023-08-22;20:00:00;-0.05;-9.69;6.645651817
2023-08-23;20:15:00;-0.05;-9.56;6.643227577
2023-08-24;20:30:00;-0.05;-9.72;6.646257401
2023-08-25;20:45:00;-0.05;-9.92;6.650196075
2023-08-26;21:00:00;-0.05;-9.91;6.649893284
2023-08-27;21:15:00;-0.05;-9.72;6.646257401
2023-08-28;21:30:00;-0.05;-9.69;6.645651817
2023-08-29;21:45:00;-0.05;-9.53;6.642621994
2023-08-30;22:00:00;-0.05;-9.59;6.643833637
2023-08-31;22:15:00;-0.05;-9.78;6.647469521
2023-09-01;22:30:00;-0.05;-9.53;6.642621994
2023-09-02;22:45:00;-0.05;-9.53;6.642621994
2023-09-03;23:00:00;-0.05;-9.84;6.648681164
2023-09-04;23:15:00;-0.05;-9.7;6.645954609
2023-09-05;23:30:00;-0.05;-9.48;6.641713142
2023-09-06;23:45:00;-0.05;-9.66;6.645045757
2023-09-07;00:00:00;-0.05;-9.73;6.646560669
2023-09-08;00:15:00;-0.05;-9.98;6.651408195
2023-09-09;00:30:00;-0.05;-9.88;6.649287224
2023-09-10;00:45:00;-0.05;-9.92;6.650196075
2023-09-11;01:00:00;-0.05;-9.31;6.638380051
2023-09-12;01:15:00;-0.05;-9.64;6.644742489
2023-09-13;01:30:00;-0.05;-9.45;6.641107082
2023-09-14;01:45:00;-0.05;-9.52;6.642318726
2023-09-15;02:00:00;-0.05;-10.08;6.653225899
2023-09-16;02:15:00;-0.05;-9.94;6.650499344
2023-09-17;02:30:00;-0.05;-9.78;6.647469521
2023-09-18;02:45:00;-0.05;-9.83;6.648378372
2023-09-19;03:00:00;-0.05;-10.16;6.65474081
2023-09-20;03:15:00;-0.05;-9.59;6.643833637
2023-09-21;03:30:00;-0.05;-9.88;6.649287224
2023-09-22;03:45:00;-0.05;-9.56;6.643227577
2023-09-23;04:00:00;-0.05;-9.8;6.647772312
2023-09-24;04:15:00;-0.05;-9.52;6.642318726
2023-09-25;04:30:00;-0.05;-9.77;6.647166252
2023-09-26;04:45:00;-0.05;-9.38;6.639592171
2023-09-27;05:00:00;-0.05;-9.45;6.641107082
2023-09-28;05:15:00;-0.05;-9.52;6.642318726
2023-09-29;05:30:00;-0.05;-9.61;6.644136906
2023-09-30;05:45:00;-0.05;-9.84;6.648681164
2023-10-01;06:00:00;-0.05;-9.75;6.646863461
2023-10-02;06:15:00;-0.05;-9.75;6.646863461
2023-10-03;06:30:00;-0.05;-9.77;6.647166252
2023-10-04;06:45:00;-0.05;-9.89;6.649590015
2023-10-05;07:00:00;-0.05;-10.03;6.652317047
2023-10-06;07:15:00;-0.05;-10.08;6.653225899
2023-10-07;07:30:00;-0.05;-9.8;6.647772312
2023-10-08;07:45:00;-0.05;-9.75;6.646863461
2023-10-09;08:00:00;-0.05;-9.94;6.650499344
2023-10-10;08:15:00;-0.05;-9.25;6.637168407
2023-10-11;08:30:00;-0.05;-9.55;6.642924786
2023-10-12;08:45:00;-0.05;-9.55;6.642924786
2023-10-13;09:00:00;-0.05;-10.16;6.65474081
2023-10-14;09:15:00;-0.05;-9.72;6.646257401
2023-10-15;09:30:00;-0.05;-9.48;6.641713142
2023-10-16;09:45:00;-0.05;-9.39;6.639894962
2023-10-17;10:00:00;-0.05;-9.97;6.651104927
2023-10-18;10:15:00;-0.05;-9.36;6.639289379
2023-10-19;10:30:00;-0.05;-9.88;6.649287224
2023-10-20;10:45:00;-0.05;-9.86;6.648984432
2023-10-21;11:00:00;-0.05;-9.39;6.639894962
2023-10-22;11:15:00;-0.05;-9.77;6.647166252
2023-10-23;11:30:00;-0.05;-9.67;6.645348549
2023-10-24;11:45:00;-0.05;-9.7;6.645954609
2023-10-25;12:00:00;-0.05;-9.58;6.643530846
2023-10-26;12:15:00;-0.05;-9.84;6.648681164
2023-10-27;12:30:00;-0.05;-9.91;6.649893284
2023-10-28;12:45:00;-0.05;-9.67;6.645348549
2023-10-29;13:00:00;-0.05;-9.88;6.649287224
2023-10-30;13:15:00;-0.05;-9.89;6.649590015
2023-10-31;13:30:00;-0.05;-9.48;6.641713142
2023-11-01;13:45:00;-0.05;-9.73;6.646560669
2023-11-02;14:00:00;-0.05;-10.11;6.653831959
2023-11-03;14:15:00;-0.05;-9.34;6.638986111
2023-11-04;14:30:00;-0.05;-10.08;6.653225899
2023-11-05;14:45:00;-0.05;-10.09;6.65352869
2023-11-06;15:00:00;-0.05;-10.06;6.652923107
2023-11-07;15:15:00;-0.05;-9.61;6.644136906
2023-11-08;15:30:00;-0.05;-9.53;6.642621994
2023-11-09;15:45:00;-0.05;-10.06;6.652923107
2023-11-10;16:00:00;-0.05;-9.58;6.643530846
2023-11-11;16:15:00;-0.05;-9.66;6.645045757
2023-11-12;16:30:00;-0.05;-9.8;6.647772312
2023-11-13;16:45:00;-0.05;-10.16;6.65474081
2023-11-14;17:00:00;-0.05;-9.81;6.648075581
2023-11-15;17:15:00;-0.05;-9.66;6.645045757
2023-11-16;17:30:00;-0.05;-9.78;6.647469521
2023-11-17;17:45:00;-0.05;-9.95;6.650802135
2023-11-18;18:00:00;-0.05;-9.45;6.641107082
2023-11-19;18:15:00;-0.05;-9.55;6.642924786
2023-11-20;18:30:00;-0.05;-9.67;6.645348549
2023-11-21;18:45:00;-0.05;-10.13;6.65413475
2023-11-22;19:00:00;-0.05;-9.59;6.643833637
2023-11-23;19:15:00;-0.05;-9.88;6.649287224
2023-11-24;19:30:00;-0.05;-9.72;6.646257401
2023-11-25;19:45:00;-0.05;-9.38;6.639592171
2023-11-26;20:00:00;-0.05;-10;6.651710987
2023-11-27;20:15:00;-0.05;-9.98;6.651408195
2023-11-28;20:30:00;-0.05;-9.48;6.641713142
2023-11-29;20:45:00;-0.05;-9.92;6.650196075
2023-11-30;21:00:00;-0.05;-9.78;6.647469521
2023-12-01;21:15:00;-0.05;-9.91;6.649893284
2023-12-02;21:30:00;-0.05;-10.14;6.654437542
2023-12-03;21:45:00;-0.05;-9.95;6.650802135
2023-12-04;22:00:00;-0.05;-9.81;6.648075581
2023-12-05;22:15:00;-0.05;-9.89;6.649590015
2023-12-06;22:30:00;-0.05;-10.19;6.65534687
2023-12-07;22:45:00;-0.05;-10.22;6.655952454
2023-12-08;23:00:00;-0.05;-10.22;6.655952454
2023-12-09;23:15:00;-0.05;-9.84;6.648681164
2023-12-10;23:30:00;-0.05;-9.95;6.650802135
2023-12-11;23:45:00;-0.05;-9.55;6.642924786
2023-12-12;00:00:00;-0.05;-9.97;6.651104927
2023-12-13;00:15:00;-0.05;-9.8;6.647772312
2023-12-14;00:30:00;-0.05;-9.92;6.650196075
2023-12-15;00:45:00;-0.05;-10.05;6.652619839
2023-12-16;01:00:00;-0.05;-10.05;6.652619839
2023-12-17;01:15:00;-0.05;-9.81;6.648075581
2023-12-18;01:30:00;-0.05;-9.73;6.646560669
2023-12-19;01:45:00;-0.05;-10.05;6.652619839
2023-12-20;02:00:00;-0.05;-10.11;6.653831959
2023-12-21;02:15:00;-0.05;-9.78;6.647469521
2023-12-22;02:30:00;-0.05;-9.89;6.649590015
2023-12-23;02:45:00;-0.05;-9.83;6.648378372
2023-12-24;03:00:00;-0.05;-9.91;6.649893284
2023-12-25;03:15:00;-0.05;-10.17;6.655043602
2023-12-26;03:30:00;-0.05;-10.03;6.652317047
2023-12-27;03:45:00;-0.05;-9.75;6.646863461
2023-12-28;04:00:00;-0.05;-10.17;6.655043602
2023-12-29;04:15:00;-0.05;-10.23;6.656255722
2023-12-30;04:30:00;-0.05;-10.05;6.652619839
2023-12-31;04:45:00;-0.05;-9.92;6.650196075
2024-01-01;05:00:00;-0.05;-9.84;6.648681164
2024-01-02;05:15:00;-0.05;-10.08;6.653225899
2024-01-03;05:30:00;-0.05;-9.67;6.645348549
2024-01-04;05:45:00;-0.05;-9.86;6.648984432
2024-01-05;06:00:00;-0.05;-10.25;6.656558514
2024-01-06;06:15:00;-0.05;-9.97;6.651104927
2024-01-07;06:30:00;-0.05;-10.23;6.656255722
2024-01-08;06:45:00;-0.05;-9.86;6.648984432
2024-01-09;07:00:00;-0.05;-10.03;6.652317047
2024-01-10;07:15:00;-0.05;-10.06;6.652923107
2024-01-11;07:30:00;-0.05;-9.8;6.647772312
2024-01-12;07:45:00;-0.05;-10;6.651710987
2024-01-13;08:00:00;-0.05;-9.52;6.642318726
2024-01-14;08:15:00;-0.05;-10.05;6.652619839
2024-01-15;08:30:00;-0.05;-9.91;6.649893284
2024-01-16;08:45:00;-0.05;-10.25;6.656558514
2024-01-17;09:00:00;-0.05;-10.17;6.655043602
2024-01-18;09:15:00;-0.05;-9.91;6.649893284
2024-01-19;09:30:00;-0.05;-9.81;6.648075581
2024-01-20;09:45:00;-0.05;-10.08;6.653225899
2024-01-21;10:00:00;-0.05;-9.95;6.650802135
2024-01-22;10:15:00;-0.05;-9.81;6.648075581
2024-01-23;10:30:00;-0.05;-10.11;6.653831959
2024-01-24;10:45:00;-0.05;-10;6.651710987
2024-01-25;11:00:00;-0.05;-9.95;6.650802135
2024-01-26;11:15:00;-0.05;-10.03;6.652317047
2024-01-27;11:30:00;-0.05;-10.09;6.65352869
2024-01-28;11:45:00;-0.05;-9.92;6.650196075
2024-01-29;12:00:00;-0.05;-9.94;6.650499344
2024-01-30;12:15:00;-0.05;-9.88;6.649287224
2024-01-31;12:30:00;-0.05;-9.98;6.651408195
2024-02-01;12:45:00;-0.05;-10.11;6.653831959
2024-02-02;13:00:00;-0.05;-10.22;6.655952454
2024-02-03;13:15:00;-0.05;-9.91;6.649893284
2024-02-04;13:30:00;-0.05;-10.09;6.65352869
2024-02-05;13:45:00;-0.05;-10.11;6.653831959
2024-02-06;14:00:00;-0.05;-10.05;6.652619839
2024-02-07;14:15:00;-0.05;-10.11;6.653831959
2024-02-08;14:30:00;-0.05;-10;6.651710987
2024-02-09;14:45:00;-0.05;-9.67;6.645348549
2024-02-10;15:00:00;-0.05;-10.03;6.652317047
2024-02-11;15:15:00;-0.05;-10.02;6.652013779
2024-02-12;15:30:00;-0.05;-9.83;6.648378372
2024-02-13;15:45:00;-0.05;-9.88;6.649287224
2024-02-14;16:00:00;-0.05;-9.83;6.648378372
2024-02-15;16:15:00;-0.05;-10.06;6.652923107
2024-02-16;16:30:00;-0.05;-10;6.651710987
2024-02-17;16:45:00;-0.05;-9.94;6.650499344
2024-02-18;17:00:00;-0.05;-9.58;6.643530846
2024-02-19;17:15:00;-0.05;-9.89;6.649590015
2024-02-20;17:30:00;-0.05;-9.92;6.650196075
2024-02-21;17:45:00;-0.05;-10.16;6.65474081
2024-02-22;18:00:00;-0.05;-9.8;6.647772312
2024-02-23;18:15:00;-0.05;-10.09;6.65352869
2024-02-24;18:30:00;-0.05;-10.05;6.652619839
2024-02-25;18:45:00;-0.05;-10.23;6.656255722
2024-02-26;19:00:00;-0.05;-9.78;6.647469521
2024-02-27;19:15:00;-0.05;-10.08;6.653225899
2024-02-28;19:30:00;-0.05;-10.08;6.653225899
2024-02-29;19:45:00;-0.05;-10.03;6.652317047
2024-03-01;20:00:00;-0.05;-9.92;6.650196075
2024-03-02;20:15:00;-0.05;-9.84;6.648681164
2024-03-03;20:30:00;-0.05;-10.2;6.655649662
2024-03-04;20:45:00;-0.05;-10.03;6.652317047
2024-03-05;21:00:00;-0.05;-9.89;6.649590015
2024-03-06;21:15:00;-0.05;-9.67;6.645348549
2024-03-07;21:30:00;-0.05;-9.88;6.649287224
2024-03-08;21:45:00;-0.05;-10.08;6.653225899
2024-03-09;22:00:00;-0.05;-10.28;6.657164574
2024-03-10;22:15:00;-0.05;-9.83;6.648378372
2024-03-11;22:30:00;-0.05;-9.73;6.646560669
2024-03-12;22:45:00;-0.05;-10.02;6.652013779
2024-03-13;23:00:00;-0.05;-10.14;6.654437542
2024-03-14;23:15:00;-0.05;-9.91;6.649893284
2024-03-15;23:30:00;-0.05;-10.05;6.652619839
2024-03-16;23:45:00;-0.05;-10.25;6.656558514
2024-03-17;00:00:00;-0.05;-9.83;6.648378372
2024-03-18;00:15:00;-0.05;-10.03;6.652317047
2024-03-19;00:30:00;-0.05;-9.86;6.648984432
2024-03-20;00:45:00;-0.05;-9.77;6.647166252
2024-03-21;01:00:00;-0.05;-9.89;6.649590015
2024-03-22;01:15:00;-0.05;-10.27;6.656861305
2024-03-23;01:30:00;-0.05;-10;6.651710987
2024-03-24;01:45:00;-0.05;-10.02;6.652013779
2024-03-25;02:00:00;-0.05;-10.17;6.655043602
2024-03-26;02:15:00;-0.05;-9.73;6.646560669
2024-03-27;02:30:00;-0.05;-9.91;6.649893284
2024-03-28;02:45:00;-0.05;-9.77;6.647166252
2024-03-29;03:00:00;-0.05;-9.69;6.645651817
2024-03-30;03:15:00;-0.05;-10.23;6.656255722
2024-03-31;03:30:00;-0.05;-9.73;6.646560669
2024-04-01;03:45:00;-0.05;-9.94;6.650499344
2024-04-02;04:00:00;-0.05;-9.64;6.644742489
2024-04-03;04:15:00;-0.05;-9.98;6.651408195
2024-04-04;04:30:00;-0.05;-9.69;6.645651817
2024-04-05;04:45:00;-0.05;-10;6.651710987
2024-04-06;05:00:00;-0.05;-10.06;6.652923107
2024-04-07;05:15:00;-0.05;-10.19;6.65534687
2024-04-08;05:30:00;-0.05;-9.89;6.649590015
2024-04-09;05:45:00;-0.05;-10.08;6.653225899
2024-04-10;06:00:00;-0.05;-10.09;6.65352869
2024-04-11;06:15:00;-0.05;-9.83;6.648378372
2024-04-12;06:30:00;-0.05;-10;6.651710987
2024-04-13;06:45:00;-0.05;-10.05;6.652619839
2024-04-14;07:00:00;-0.05;-9.63;6.644439697
2024-04-15;07:15:00;-0.05;-9.89;6.649590015
2024-04-16;07:30:00;-0.05;-10.13;6.65413475
2024-04-17;07:45:00;-0.05;-10.13;6.65413475
2024-04-18;08:00:00;-0.05;-9.94;6.650499344
2024-04-19;08:15:00;-0.05;-10.22;6.655952454
2024-04-20;08:30:00;-0.05;-10.06;6.652923107
2024-04-21;08:45:00;-0.05;-9.69;6.645651817
2024-04-22;09:00:00;-0.05;-9.67;6.645348549
2024-04-23;09:15:00;-0.05;-10.13;6.65413475
2024-04-24;09:30:00;-0.05;-10.27;6.656861305
2024-04-25;09:45:00;-0.05;-9.78;6.647469521
2024-04-26;10:00:00;-0.05;-10.09;6.65352869
2024-04-27;10:15:00;-0.05;-10.09;6.65352869
2024-04-28;10:30:00;-0.05;-9.91;6.649893284
2024-04-29;10:45:00;-0.05;-10.03;6.652317047
2024-04-30;11:00:00;-0.05;-9.92;6.650196075
2024-05-01;11:15:00;-0.05;-9.78;6.647469521
2024-05-02;11:30:00;-0.05;-10.25;6.656558514
2024-05-03;11:45:00;-0.05;-10.31;6.657770634
2024-05-04;12:00:00;-0.05;-9.95;6.650802135
2024-05-05;12:15:00;-0.05;-9.81;6.648075581
2024-05-06;12:30:00;-0.05;-9.44;6.640803814
2024-05-07;12:45:00;-0.05;-9.83;6.648378372
2024-05-08;13:00:00;-0.05;-10.09;6.65352869
2024-05-09;13:15:00;-0.05;-9.86;6.648984432
2024-05-10;13:30:00;-0.05;-10.05;6.652619839
2024-05-11;13:45:00;-0.05;-9.72;6.646257401
2024-05-12;14:00:00;-0.05;-9.97;6.651104927
2024-05-13;14:15:00;-0.05;-9.98;6.651408195
2024-05-14;14:30:00;-0.05;-10.09;6.65352869
2024-05-15;14:45:00;-0.05;-9.73;6.646560669
2024-05-16;15:00:00;-0.05;-9.78;6.647469521
2024-05-17;15:15:00;-0.05;-10.11;6.653831959
2024-05-18;15:30:00;-0.05;-9.88;6.649287224
2024-05-19;15:45:00;-0.05;-9.94;6.650499344
2024-05-20;16:00:00;-0.05;-10;6.651710987
2024-05-21;16:15:00;-0.05;-10.11;6.653831959
2024-05-22;16:30:00;-0.05;-9.97;6.651104927
2024-05-23;16:45:00;-0.05;-10.08;6.653225899
2024-05-24;17:00:00;-0.05;-10.09;6.65352869
2024-05-25;17:15:00;-0.05;-9.72;6.646257401
2024-05-26;17:30:00;-0.05;-9.88;6.649287224
2024-05-27;17:45:00;-0.05;-9.77;6.647166252
2024-05-28;18:00:00;-0.05;-9.92;6.650196075
2024-05-29;18:15:00;-0.05;-10.02;6.652013779
2024-05-30;18:30:00;-0.05;-9.97;6.651104927
2024-05-31;18:45:00;-0.05;-10.08;6.653225899
2024-06-01;19:00:00;-0.05;-9.97;6.651104927
2024-06-02;19:15:00;-0.05;-9.88;6.649287224
2024-06-03;19:30:00;-0.05;-9.97;6.651104927
2024-06-04;19:45:00;-0.05;-9.88;6.649287224
2024-06-05;20:00:00;-0.05;-9.92;6.650196075
2024-06-06;20:15:00;-0.05;-9.94;6.650499344
2024-06-07;20:30:00;-0.05;-9.89;6.649590015
2024-06-08;20:45:00;-0.05;-10.13;6.65413475
2024-06-09;21:00:00;-0.05;-9.98;6.651408195
2024-06-10;21:15:00;-0.05;-10.03;6.652317047
2024-06-11;21:30:00;-0.05;-10.03;6.652317047
2024-06-12;21:45:00;-0.05;-10.06;6.652923107
2024-06-13;22:00:00;-0.05;-10.11;6.653831959
2024-06-14;22:15:00;-0.05;-9.88;6.649287224
2024-06-15;22:30:00;-0.05;-10.22;6.655952454
2024-06-16;22:45:00;-0.05;-10.16;6.65474081
2024-06-17;23:00:00;-0.05;-9.98;6.651408195
2024-06-18;23:15:00;-0.05;-10.13;6.65413475
2024-06-19;23:30:00;-0.05;-10.08;6.653225899
2024-06-20;23:45:00;-0.05;-10.05;6.652619839
2024-06-21;00:00:00;-0.05;-9.88;6.649287224
2024-06-22;00:15:00;-0.05;-9.95;6.650802135
2024-06-23;00:30:00;-0.05;-10.11;6.653831959
2024-06-24;00:45:00;-0.05;-10.09;6.65352869
2024-06-25;01:00:00;-0.05;-10.13;6.65413475
2024-06-26;01:15:00;-0.05;-10.02;6.652013779
2024-06-27;01:30:00;-0.05;-9.94;6.650499344
2024-06-28;01:45:00;-0.05;-10.03;6.652317047
2024-06-29;02:00:00;-0.05;-9.97;6.651104927
2024-06-30;02:15:00;-0.05;-9.94;6.650499344
2024-07-01;02:30:00;-0.05;-10.06;6.652923107
2024-07-02;02:45:00;-0.05;-10.17;6.655043602
2024-07-03;03:00:00;-0.05;-10.27;6.656861305
2024-07-04;03:15:00;-0.05;-9.98;6.651408195
2024-07-05;03:30:00;-0.05;-10.05;6.652619839
2024-07-06;03:45:00;-0.05;-9.86;6.648984432
2024-07-07;04:00:00;-0.05;-10.13;6.65413475
2024-07-08;04:15:00;-0.05;-9.94;6.650499344
2024-07-09;04:30:00;-0.05;-9.92;6.650196075
2024-07-10;04:45:00;-0.05;-10.03;6.652317047
2024-07-11;05:00:00;-0.05;-10;6.651710987
2024-07-12;05:15:00;-0.05;-9.86;6.648984432
2024-07-13;05:30:00;-0.05;-9.78;6.647469521
2024-07-14;05:45:00;-0.05;-10.11;6.653831959
2024-07-15;06:00:00;-0.05;-10.03;6.652317047
2024-07-16;06:15:00;-0.05;-10;6.651710987
2024-07-17;06:30:00;-0.05;-9.94;6.650499344
2024-07-18;06:45:00;-0.05;-9.94;6.650499344
2024-07-19;07:00:00;-0.05;-9.91;6.649893284
2024-07-20;07:15:00;-0.05;-10;6.651710987
2024-07-21;07:30:00;-0.05;-10.16;6.65474081
2024-07-22;07:45:00;-0.05;-10.09;6.65352869
2024-07-23;08:00:00;-0.05;-10.14;6.654437542
2024-07-24;08:15:00;-0.05;-9.94;6.650499344
2024-07-25;08:30:00;-0.05;-9.95;6.650802135
2024-07-26;08:45:00;-0.05;-10.11;6.653831959
2024-07-27;09:00:00;-0.05;-9.98;6.651408195
2024-07-28;09:15:00;-0.05;-10.05;6.652619839
2024-07-29;09:30:00;-0.05;-10.09;6.65352869
2024-07-30;09:45:00;-0.05;-10.09;6.65352869
2024-07-31;10:00:00;-0.05;-10.13;6.65413475
2024-08-01;10:15:00;-0.05;-10.19;6.65534687
2024-08-02;10:30:00;-0.05;-9.98;6.651408195
2024-08-03;10:45:00;-0.05;-10.11;6.653831959
2024-08-04;11:00:00;-0.05;-10.02;6.652013779
2024-08-05;11:15:00;-0.05;-10.06;6.652923107
2024-08-06;11:30:00;-0.05;-10.03;6.652317047
2024-08-07;11:45:00;-0.05;-10.16;6.65474081
2024-08-08;12:00:00;-0.05;-10.23;6.656255722
2024-08-09;12:15:00;-0.05;-10.02;6.652013779
2024-08-10;12:30:00;-0.05;-9.89;6.649590015
2024-08-11;12:45:00;-0.05;-10.16;6.65474081
2024-08-12;13:00:00;-0.05;-10;6.651710987
2024-08-13;13:15:00;-0.05;-10.17;6.655043602
2024-08-14;13:30:00;-0.05;-10.06;6.652923107
2024-08-15;13:45:00;-0.05;-10.19;6.65534687
2024-08-16;14:00:00;-0.05;-10.14;6.654437542
2024-08-17;14:15:00;-0.05;-9.91;6.649893284
2024-08-18;14:30:00;-0.05;-9.91;6.649893284
2024-08-19;14:45:00;-0.05;-10.17;6.655043602
2024-08-20;15:00:00;-0.05;-10.23;6.656255722
2024-08-21;15:15:00;-0.05;-10.14;6.654437542
2024-08-22;15:30:00;-0.05;-10.11;6.653831959
2024-08-23;15:45:00;-0.05;-10.22;6.655952454
2024-08-24;16:00:00;-0.05;-10.13;6.65413475
2024-08-25;16:15:00;-0.05;-10.17;6.655043602
2024-08-26;16:30:00;-0.05;-9.8;6.647772312
2024-08-27;16:45:00;-0.05;-10.2;6.655649662
2024-08-28;17:00:00;-0.05;-9.98;6.651408195
2024-08-29;17:15:00;-0.05;-10.13;6.65413475
2024-08-30;17:30:00;-0.05;-10.08;6.653225899
2024-08-31;17:45:00;-0.05;-10.03;6.652317047
2024-09-01;18:00:00;-0.05;-10.17;6.655043602
2024-09-02;18:15:00;-0.05;-10.03;6.652317047
2024-09-03;18:30:00;-0.05;-10.13;6.65413475
2024-09-04;18:45:00;-0.05;-10.14;6.654437542
2024-09-05;19:00:00;-0.05;-10.13;6.65413475
2024-09-06;19:15:00;-0.05;-10.28;6.657164574
2024-09-07;19:30:00;-0.05;-10.03;6.652317047
2024-09-08;19:45:00;-0.05;-10.27;6.656861305
2024-09-09;20:00:00;-0.05;-10.17;6.655043602
2024-09-10;20:15:00;-0.05;-10.09;6.65352869
2024-09-11;20:30:00;-0.05;-10.14;6.654437542
2024-09-12;20:45:00;-0.05;-10.08;6.653225899
2024-09-13;21:00:00;-0.05;-10.17;6.655043602
2024-09-14;21:15:00;-0.05;-10.2;6.655649662
2024-09-15;21:30:00;-0.05;-10.16;6.65474081
2024-09-16;21:45:00;-0.05;-10.22;6.655952454
2024-09-17;22:00:00;-0.05;-10.05;6.652619839
2024-09-18;22:15:00;-0.05;-10.31;6.657770634
2024-09-19;22:30:00;-0.05;-10.23;6.656255722
2024-09-20;22:45:00;-0.05;-10.11;6.653831959
2024-09-21;23:00:00;-0.05;-10.2;6.655649662
2024-09-22;23:15:00;-0.05;-10.03;6.652317047
2024-09-23;23:30:00;-0.05;-10.22;6.655952454
2024-09-24;23:45:00;-0.05;-10.05;6.652619839
2024-09-25;00:00:00;-0.05;-10.2;6.655649662
2024-09-26;00:15:00;-0.05;-10.05;6.652619839
2024-09-27;00:30:00;-0.05;-10.2;6.655649662
2024-09-28;00:45:00;-0.05;-10.23;6.656255722
2024-09-29;01:00:00;-0.05;-10.06;6.652923107
2024-09-30;01:15:00;-0.05;-10.28;6.657164574
2024-10-01;01:30:00;-0.05;-10.02;6.652013779
2024-10-02;01:45:00;-0.05;-10.11;6.653831959
2024-10-03;02:00:00;-0.05;-10.11;6.653831959
2024-10-04;02:15:00;-0.05;-10.25;6.656558514
2024-10-05;02:30:00;-0.05;-10.14;6.654437542
2024-10-06;02:45:00;-0.05;-10.06;6.652923107
2024-10-07;03:00:00;-0.05;-10.25;6.656558514
2024-10-08;03:15:00;-0.05;-10.22;6.655952454
2024-10-09;03:30:00;-0.05;-9.98;6.651408195
2024-10-10;03:45:00;-0.05;-10.16;6.65474081
2024-10-11;04:00:00;-0.05;-10.09;6.65352869
2024-10-12;04:15:00;-0.05;-10.25;6.656558514
2024-10-13;04:30:00;-0.05;-10.23;6.656255722
2024-10-14;04:45:00;-0.05;-10.16;6.65474081
2024-10-15;05:00:00;-0.05;-10.33;6.658073425
2024-10-16;05:15:00;-0.05;-10.14;6.654437542
2024-10-17;05:30:00;-0.05;-10.22;6.655952454
2024-10-18;05:45:00;-0.05;-10.16;6.65474081
2024-10-19;06:00:00;-0.05;-10.13;6.65413475
2024-10-20;06:15:00;-0.05;-10.23;6.656255722
2024-10-21;06:30:00;-0.05;-10.27;6.656861305
2024-10-22;06:45:00;-0.05;-10.22;6.655952454
2024-10-23;07:00:00;-0.05;-10.28;6.657164574
2024-10-24;07:15:00;-0.05;-10.13;6.65413475
2024-10-25;07:30:00;-0.05;-10.16;6.65474081
2024-10-26;07:45:00;-0.05;-10.41;6.659588337
2024-10-27;08:00:00;-0.05;-10.09;6.65352869
2024-10-28;08:15:00;-0.05;-10.31;6.657770634
2024-10-29;08:30:00;-0.05;-10.16;6.65474081
2024-10-30;08:45:00;-0.05;-10.14;6.654437542
2024-10-31;09:00:00;-0.05;-10.48;6.661103249
2024-11-01;09:15:00;-0.05;-10.16;6.65474081
2024-11-02;09:30:00;-0.05;-10.34;6.658376217
2024-11-03;09:45:00;-0.05;-10.33;6.658073425
2024-11-04;10:00:00;-0.05;-10.16;6.65474081
2024-11-05;10:15:00;-0.05;-10.34;6.658376217
2024-11-06;10:30:00;-0.05;-10.44;6.660194397
2024-11-07;10:45:00;-0.05;-10.27;6.656861305
2024-11-08;11:00:00;-0.05;-10.38;6.658982277
2024-11-09;11:15:00;-0.05;-10.28;6.657164574
2024-11-10;11:30:00;-0.05;-10.2;6.655649662
2024-11-11;11:45:00;-0.05;-10.22;6.655952454
2024-11-12;12:00:00;-0.05;-10.09;6.65352869
2024-11-13;12:15:00;-0.05;-10.34;6.658376217
2024-11-14;12:30:00;-0.05;-10.3;6.657467365
2024-11-15;12:45:00;-0.05;-10.36;6.658679485
2024-11-16;13:00:00;-0.05;-10.23;6.656255722
2024-11-17;13:15:00;-0.05;-10.42;6.659891129
2024-11-18;13:30:00;-0.05;-10.14;6.654437542
2024-11-19;13:45:00;-0.05;-10.23;6.656255722
2024-11-20;14:00:00;-0.05;-10.28;6.657164574
2024-11-21;14:15:00;-0.05;-10.27;6.656861305
2024-11-22;14:30:00;-0.05;-10.36;6.658679485
2024-11-23;14:45:00;-0.05;-10.31;6.657770634
2024-11-24;15:00:00;-0.05;-10.23;6.656255722
2024-11-25;15:15:00;-0.05;-10.36;6.658679485
2024-11-26;15:30:00;-0.05;-10.53;6.6620121
2024-11-27;15:45:00;-0.05;-10.42;6.659891129
2024-11-28;16:00:00;-0.05;-10.34;6.658376217
2024-11-29;16:15:00;-0.05;-10.48;6.661103249
2024-11-30;16:30:00;-0.05;-10.3;6.657467365
2024-12-01;16:45:00;-0.05;-10.25;6.656558514
2024-12-02;17:00:00;-0.05;-10.45;6.660497189
2024-12-03;17:15:00;-0.05;-10.31;6.657770634
2024-12-04;17:30:00;-0.05;-10.23;6.656255722
2024-12-05;17:45:00;-0.05;-10.42;6.659891129
2024-12-06;18:00:00;-0.05;-10.41;6.659588337
2024-12-07;18:15:00;-0.05;-10.38;6.658982277
2024-12-08;18:30:00;-0.05;-10.58;6.662920952
2024-12-09;18:45:00;-0.05;-10.47;6.66079998
2024-12-10;19:00:00;-0.05;-10.34;6.658376217
2024-12-11;19:15:00;-0.05;-10.56;6.66261816
2024-12-12;19:30:00;-0.05;-10.38;6.658982277
2024-12-13;19:45:00;-0.05;-10.3;6.657467365
2024-12-14;20:00:00;-0.05;-10.5;6.66140604
2024-12-15;20:15:00;-0.05;-10.25;6.656558514
2024-12-16;20:30:00;-0.05;-10.58;6.662920952
2024-12-17;20:45:00;-0.05;-10.28;6.657164574
2024-12-18;21:00:00;-0.05;-10.25;6.656558514
2024-12-19;21:15:00;-0.05;-10.48;6.661103249
2024-12-20;21:30:00;-0.05;-10.55;6.662314892
2024-12-21;21:45:00;-0.05;-10.33;6.658073425
2024-12-22;22:00:00;-0.05;-10.36;6.658679485
2024-12-23;22:15:00;-0.05;-10.59;6.663223743
2024-12-24;22:30:00;-0.05;-10.36;6.658679485
2024-12-25;22:45:00;-0.05;-10.59;6.663223743
2024-12-26;23:00:00;-0.05;-10.64;6.664133072
2024-12-27;23:15:00;-0.05;-10.55;6.662314892
2024-12-28;23:30:00;-0.05;-10.36;6.658679485
2024-12-29;23:45:00;-0.05;-10.42;6.659891129
2024-12-30;00:00:00;-0.05;-10.47;6.66079998
2024-12-31;00:15:00;-0.05;-10.52;6.661708832
2025-01-01;00:30:00;-0.05;-10.38;6.658982277
2025-01-02;00:45:00;-0.05;-10.44;6.660194397
2025-01-03;01:00:00;-0.05;-10.56;6.66261816
2025-01-04;01:15:00;-0.05;-10.5;6.66140604
2025-01-05;01:30:00;-0.05;-10.58;6.662920952
2025-01-06;01:45:00;-0.05;-10.53;6.6620121
2025-01-07;02:00:00;-0.05;-10.5;6.66140604
2025-01-08;02:15:00;-0.05;-10.39;6.659285069
2025-01-09;02:30:00;-0.05;-10.33;6.658073425
2025-01-10;02:45:00;-0.05;-10.39;6.659285069
2025-01-11;03:00:00;-0.05;-10.47;6.66079998
2025-01-12;03:15:00;-0.05;-10.55;6.662314892
2025-01-13;03:30:00;-0.05;-10.61;6.663527012
2025-01-14;03:45:00;-0.05;-10.34;6.658376217
2025-01-15;04:00:00;-0.05;-10.55;6.662314892
2025-01-16;04:15:00;-0.05;-10.58;6.662920952
2025-01-17;04:30:00;-0.05;-10.44;6.660194397
2025-01-18;04:45:00;-0.05;-10.44;6.660194397
2025-01-19;05:00:00;-0.05;-10.52;6.661708832
2025-01-20;05:15:00;-0.05;-10.67;6.664738655
2025-01-21;05:30:00;-0.05;-10.67;6.664738655
2025-01-22;05:45:00;-0.05;-10.59;6.663223743
2025-01-23;06:00:00;-0.05;-10.7;6.665344715
2025-01-24;06:15:00;-0.05;-10.52;6.661708832
2025-01-25;06:30:00;-0.05;-10.64;6.664133072
2025-01-26;06:45:00;-0.05;-10.52;6.661708832
2025-01-27;07:00:00;-0.05;-10.73;6.665950775
2025-01-28;07:15:00;-0.05;-10.58;6.662920952
2025-01-29;07:30:00;-0.05;-10.69;6.665041924
2025-01-30;07:45:00;-0.05;-10.63;6.663829803
2025-01-31;08:00:00;-0.05;-10.56;6.66261816
2025-02-01;08:15:00;-0.05;-10.67;6.664738655
2025-02-02;08:30:00;-0.05;-10.63;6.663829803
2025-02-03;08:45:00;-0.05;-10.61;6.663527012
2025-02-04;09:00:00;-0.05;-10.5;6.66140604
2025-02-05;09:15:00;-0.05;-10.53;6.6620121
2025-02-06;09:30:00;-0.05;-10.69;6.665041924
2025-02-07;09:45:00;-0.05;-10.38;6.658982277
2025-02-08;10:00:00;-0.05;-10.52;6.661708832
2025-02-09;10:15:00;-0.05;-10.64;6.664133072
2025-02-10;10:30:00;-0.05;-10.53;6.6620121
2025-02-11;10:45:00;-0.05;-10.66;6.664435863
2025-02-12;11:00:00;-0.05;-10.59;6.663223743
2025-02-13;11:15:00;-0.05;-10.64;6.664133072
2025-02-14;11:30:00;-0.05;-10.59;6.663223743
2025-02-15;11:45:00;-0.05;-10.53;6.6620121
2025-02-16;12:00:00;-0.05;-10.42;6.659891129
2025-02-17;12:15:00;-0.05;-10.56;6.66261816
2025-02-18;12:30:00;-0.05;-10.64;6.664133072
2025-02-19;12:45:00;-0.05;-10.69;6.665041924
2025-02-20;13:00:00;-0.05;-10.5;6.66140604
2025-02-21;13:15:00;-0.05;-10.58;6.662920952
2025-02-22;13:30:00;-0.05;-10.72;6.665647507
2025-02-23;13:45:00;-0.05;-10.47;6.66079998
2025-02-24;14:00:00;-0.05;-10.61;6.663527012
2025-02-25;14:15:00;-0.05;-10.69;6.665041924
2025-02-26;14:30:00;-0.05;-10.73;6.665950775
2025-02-27;14:45:00;-0.05;-10.52;6.661708832
2025-02-28;15:00:00;-0.05;-10.7;6.665344715
2025-03-01;15:15:00;-0.05;-10.7;6.665344715
2025-03-02;15:30:00;-0.05;-10.67;6.664738655
2025-03-03;15:45:00;-0.05;-10.73;6.665950775
2025-03-04;16:00:00;-0.05;-10.69;6.665041924
2025-03-05;16:15:00;-0.05;-10.56;6.66261816
2025-03-06;16:30:00;-0.05;-10.78;6.666859627
2025-03-07;16:45:00;-0.05;-10.67;6.664738655
2025-03-08;17:00:00;-0.05;-10.73;6.665950775
2025-03-09;17:15:00;-0.05;-10.72;6.665647507
2025-03-10;17:30:00;-0.05;-10.72;6.665647507
2025-03-11;17:45:00;-0.05;-10.77;6.666556835
2025-03-12;18:00:00;-0.05;-10.69;6.665041924
2025-03-13;18:15:00;-0.05;-10.72;6.665647507
2025-03-14;18:30:00;-0.05;-10.81;6.667465687
2025-03-15;18:45:00;-0.05;-10.64;6.664133072
2025-03-16;19:00:00;-0.05;-10.69;6.665041924
2025-03-17;19:15:00;-0.05;-10.64;6.664133072
2025-03-18;19:30:00;-0.05;-10.5;6.66140604
2025-03-19;19:45:00;-0.05;-10.81;6.667465687
2025-03-20;20:00:00;-0.05;-10.78;6.666859627
2025-03-21;20:15:00;-0.05;-10.64;6.664133072
2025-03-22;20:30:00;-0.05;-10.64;6.664133072
2025-03-23;20:45:00;-0.05;-10.55;6.662314892
2025-03-24;21:00:00;-0.05;-10.75;6.666253567
2025-03-25;21:15:00;-0.05;-10.77;6.666556835
2025-03-26;21:30:00;-0.05;-10.38;6.658982277
2025-03-27;21:45:00;-0.05;-10.61;6.663527012
2025-03-28;22:00:00;-0.05;-10.64;6.664133072
2025-03-29;22:15:00;-0.05;-10.73;6.665950775
2025-03-30;22:30:00;-0.05;-10.78;6.666859627
2025-03-31;22:45:00;-0.05;-10.75;6.666253567
2025-04-01;23:00:00;-0.05;-10.75;6.666253567
2025-04-02;23:15:00;-0.05;-10.92;6.669586182
2025-04-03;23:30:00;-0.05;-10.72;6.665647507
2025-04-04;23:45:00;-0.05;-10.72;6.665647507
2025-04-05;00:00:00;-0.05;-10.83;6.667768478
2025-04-06;00:15:00;-0.05;-10.78;6.666859627
2025-04-07;00:30:00;-0.05;-10.77;6.666556835
2025-04-08;00:45:00;-0.05;-10.81;6.667465687
2025-04-09;01:00:00;-0.05;-10.69;6.665041924
2025-04-10;01:15:00;-0.05;-10.95;6.670192242
2025-04-11;01:30:00;-0.05;-10.78;6.666859627
2025-04-12;01:45:00;-0.05;-10.64;6.664133072
2025-04-13;02:00:00;-0.05;-10.81;6.667465687
2025-04-14;02:15:00;-0.05;-11.05;6.672009945
2025-04-15;02:30:00;-0.05;-10.53;6.6620121
2025-04-16;02:45:00;-0.05;-10.83;6.667768478
2025-04-17;03:00:00;-0.05;-10.83;6.667768478
2025-04-18;03:15:00;-0.05;-10.67;6.664738655
2025-04-19;03:30:00;-0.05;-10.86;6.668374538
2025-04-20;03:45:00;-0.05;-10.89;6.668980598
2025-04-21;04:00:00;-0.05;-10.92;6.669586182
2025-04-22;04:15:00;-0.05;-10.97;6.670495033
2025-04-23;04:30:00;-0.05;-10.66;6.664435863
2025-04-24;04:45:00;-0.05;-10.81;6.667465687
2025-04-25;05:00:00;-0.05;-10.89;6.668980598
2025-04-26;05:15:00;-0.05;-10.67;6.664738655
2025-04-27;05:30:00;-0.05;-10.91;6.66928339
2025-04-28;05:45:00;-0.05;-10.94;6.66988945
2025-04-29;06:00:00;-0.05;-10.84;6.66807127
2025-04-30;06:15:00;-0.05;-10.73;6.665950775
2025-05-01;06:30:00;-0.05;-10.86;6.668374538
2025-05-02;06:45:00;-0.05;-10.94;6.66988945
2025-05-03;07:00:00;-0.05;-10.91;6.66928339
2025-05-04;07:15:00;-0.05;-10.98;6.670798302
2025-05-05;07:30:00;-0.05;-10.97;6.670495033
2025-05-06;07:45:00;-0.05;-10.92;6.669586182
2025-05-07;08:00:00;-0.05;-10.78;6.666859627
2025-05-08;08:15:00;-0.05;-10.72;6.665647507
2025-05-09;08:30:00;-0.05;-10.81;6.667465687
2025-05-10;08:45:00;-0.05;-10.8;6.667162418
2025-05-11;09:00:00;-0.05;-11.14;6.673828125
2025-05-12;09:15:00;-0.05;-10.98;6.670798302
2025-05-13;09:30:00;-0.05;-10.72;6.665647507
2025-05-14;09:45:00;-0.05;-10.91;6.66928339
2025-05-15;10:00:00;-0.05;-10.97;6.670495033
2025-05-16;10:15:00;-0.05;-11.03;6.671707153
2025-05-17;10:30:00;-0.05;-10.88;6.66867733
2025-05-18;10:45:00;-0.05;-10.95;6.670192242
2025-05-19;11:00:00;-0.05;-10.84;6.66807127
2025-05-20;11:15:00;-0.05;-10.97;6.670495033
2025-05-21;11:30:00;-0.05;-10.83;6.667768478
2025-05-22;11:45:00;-0.05;-11.02;6.671404362
2025-05-23;12:00:00;-0.05;-10.92;6.669586182
2025-05-24;12:15:00;-0.05;-10.83;6.667768478
2025-05-25;12:30:00;-0.05;-10.72;6.665647507
2025-05-26;12:45:00;-0.05;-10.92;6.669586182
2025-05-27;13:00:00;-0.05;-10.84;6.66807127
2025-05-28;13:15:00;-0.05;-11;6.671101093
2025-05-29;13:30:00;-0.05;-10.97;6.670495033
2025-05-30;13:45:00;-0.05;-11.03;6.671707153
2025-05-31;14:00:00;-0.05;-10.98;6.670798302
2025-06-01;14:15:00;-0.05;-10.95;6.670192242
2025-06-02;14:30:00;-0.05;-10.8;6.667162418
2025-06-03;14:45:00;-0.05;-10.95;6.670192242
2025-06-04;15:00:00;-0.05;-10.91;6.66928339
2025-06-05;15:15:00;-0.05;-11.11;6.673222065
2025-06-06;15:30:00;-0.05;-11.09;6.672918797
2025-06-07;15:45:00;-0.05;-10.97;6.670495033
2025-06-08;16:00:00;-0.05;-10.95;6.670192242
2025-06-09;16:15:00;-0.05;-10.92;6.669586182
2025-06-10;16:30:00;-0.05;-10.8;6.667162418
2025-06-11;16:45:00;-0.05;-11.14;6.673828125
2025-06-12;17:00:00;-0.05;-10.98;6.670798302
2025-06-13;17:15:00;-0.05;-11;6.671101093
2025-06-14;17:30:00;-0.05;-11.11;6.673222065
2025-06-15;17:45:00;-0.05;-10.8;6.667162418
2025-06-16;18:00:00;-0.05;-11.13;6.673524857
2025-06-17;18:15:00;-0.05;-11.09;6.672918797
2025-06-18;18:30:00;-0.05;-11;6.671101093
2025-06-19;18:45:00;-0.05;-11.02;6.671404362
2025-06-20;19:00:00;-0.05;-11.05;6.672009945
2025-06-21;19:15:00;-0.05;-11.13;6.673524857
2025-06-22;19:30:00;-0.05;-11.03;6.671707153
2025-06-23;19:45:00;-0.05;-11;6.671101093
2025-06-24;20:00:00;-0.05;-11.05;6.672009945
2025-06-25;20:15:00;-0.05;-10.97;6.670495033
2025-06-26;20:30:00;-0.05;-11.3;6.676857471
2025-06-27;20:45:00;-0.05;-11.11;6.673222065
2025-06-28;21:00:00;-0.05;-11.06;6.672313213
2025-06-29;21:15:00;-0.05;-11.14;6.673828125
2025-06-30;21:30:00;-0.05;-11.14;6.673828125
2025-07-01;21:45:00;-0.05;-10.95;6.670192242
2025-07-02;22:00:00;-0.05;-10.98;6.670798302
2025-07-03;22:15:00;-0.05;-11.17;6.674433708
2025-07-04;22:30:00;-0.05;-10.92;6.669586182
2025-07-05;22:45:00;-0.05;-11.14;6.673828125
2025-07-06;23:00:00;-0.05;-11.28;6.67655468
2025-07-07;23:15:00;-0.05;-11.23;6.675645828
2025-07-08;23:30:00;-0.05;-11.09;6.672918797
2025-07-09;23:45:00;-0.05;-11.2;6.675039768
2025-07-10;00:00:00;-0.05;-11.11;6.673222065
2025-07-11;00:15:00;-0.05;-11.25;6.67594862
2025-07-12;00:30:00;-0.05;-11.11;6.673222065
2025-07-13;00:45:00;-0.05;-11.34;6.677766323
2025-07-14;01:00:00;-0.05;-11.11;6.673222065
2025-07-15;01:15:00;-0.05;-11.2;6.675039768
2025-07-16;01:30:00;-0.05;-11.17;6.674433708
2025-07-17;01:45:00;-0.05;-11.05;6.672009945
2025-07-18;02:00:00;-0.05;-11.03;6.671707153
2025-07-19;02:15:00;-0.05;-11.06;6.672313213
2025-07-20;02:30:00;-0.05;-11.28;6.67655468
2025-07-21;02:45:00;-0.05;-11.02;6.671404362
2025-07-22;03:00:00;-0.05;-11.23;6.675645828
2025-07-23;03:15:00;-0.05;-11.19;6.674736977
2025-07-24;03:30:00;-0.05;-11.17;6.674433708
2025-07-25;03:45:00;-0.05;-11.17;6.674433708
2025-07-26;04:00:00;-0.05;-11.19;6.674736977
2025-07-27;04:15:00;-0.05;-11.33;6.677463531
2025-07-28;04:30:00;-0.05;-11.02;6.671404362
2025-07-29;04:45:00;-0.05;-11.08;6.672616005
2025-07-30;05:00:00;-0.05;-11.19;6.674736977
2025-07-31;05:15:00;-0.05;-11.17;6.674433708
2025-08-01;05:30:00;-0.05;-11.14;6.673828125
2025-08-02;05:45:00;-0.05;-11.3;6.676857471
2025-08-03;06:00:00;-0.05;-11.31;6.67716074
2025-08-04;06:15:00;-0.05;-11.17;6.674433708
2025-08-05;06:30:00;-0.05;-11.22;6.67534256
2025-08-06;06:45:00;-0.05;-11.16;6.674130917
2025-08-07;07:00:00;-0.05;-11.2;6.675039768
2025-08-08;07:15:00;-0.05;-11.02;6.671404362
2025-08-09;07:30:00;-0.05;-11.34;6.677766323
2025-08-10;07:45:00;-0.05;-11.27;6.676251888
2025-08-11;08:00:00;-0.05;-11.17;6.674433708
2025-08-12;08:15:00;-0.05;-11.55;6.681704998
2025-08-13;08:30:00;-0.05;-11.44;6.679584503
2025-08-14;08:45:00;-0.05;-11.34;6.677766323
2025-08-15;09:00:00;-0.05;-11.31;6.67716074
2025-08-16;09:15:00;-0.05;-11.31;6.67716074
2025-08-17;09:30:00;-0.05;-11.38;6.678372383
2025-08-18;09:45:00;-0.05;-11.27;6.676251888
2025-08-19;10:00:00;-0.05;-11.25;6.67594862
2025-08-20;10:15:00;-0.05;-11.61;6.682917118
2025-08-21;10:30:00;-0.05;-11.38;6.678372383
2025-08-22;10:45:00;-0.05;-11.17;6.674433708
2025-08-23;11:00:00;-0.05;-11.38;6.678372383
2025-08-24;11:15:00;-0.05;-11.45;6.679887295
2025-08-25;11:30:00;-0.05;-11.22;6.67534256
2025-08-26;11:45:00;-0.05;-10.98;6.670798302
2025-08-27;12:00:00;-0.05;-11.3;6.676857471
2025-08-28;12:15:00;-0.05;-11.25;6.67594862
2025-08-29;12:30:00;-0.05;-11.11;6.673222065
2025-08-30;12:45:00;-0.05;-11.05;6.672009945
2025-08-31;13:00:00;-0.05;-10.86;6.668374538
2025-09-01;13:15:00;-0.05;-11.14;6.673828125
2025-09-02;13:30:00;-0.05;-11.02;6.671404362
2025-09-03;13:45:00;-0.05;-11.28;6.67655468
2025-09-04;14:00:00;-0.05;-11;6.671101093
2025-09-05;14:15:00;-0.05;-11.41;6.678978443
2025-09-06;14:30:00;-0.05;-11.08;6.672616005
2025-09-07;14:45:00;-0.05;-11.05;6.672009945
2025-09-08;15:00:00;-0.05;-11.41;6.678978443
2025-09-09;15:15:00;-0.05;-10.94;6.66988945
2025-09-10;15:30:00;-0.05;-10.81;6.667465687
2025-09-11;15:45:00;-0.05;-10.72;6.665647507
2025-09-12;16:00:00;-0.05;-10.91;6.66928339
2025-09-13;16:15:00;-0.05;-11.19;6.674736977
2025-09-14;16:30:00;-0.05;-10.97;6.670495033
2025-09-15;16:45:00;-0.05;-10.94;6.66988945
2025-09-16;17:00:00;-0.05;-10.63;6.663829803
2025-09-17;17:15:00;-0.05;-11.03;6.671707153
2025-09-18;17:30:00;-0.05;-11.03;6.671707153
2025-09-19;17:45:00;-0.05;-11.09;6.672918797
2025-09-20;18:00:00;-0.05;-10.98;6.670798302
2025-09-21;18:15:00;-0.05;-10.55;6.662314892
2025-09-22;18:30:00;-0.05;-10.81;6.667465687
2025-09-23;18:45:00;-0.05;-10.75;6.666253567
2025-09-24;19:00:00;-0.05;-10.84;6.66807127
2025-09-25;19:15:00;-0.05;-10.89;6.668980598
2025-09-26;19:30:00;-0.05;-10.7;6.665344715
2025-09-27;19:45:00;-0.05;-10.77;6.666556835
2025-09-28;20:00:00;-0.05;-10.95;6.670192242
2025-09-29;20:15:00;-0.05;-11;6.671101093
2025-09-30;20:30:00;-0.05;-10.86;6.668374538
2025-10-01;20:45:00;-0.05;-10.75;6.666253567
2025-10-02;21:00:00;-0.05;-11.19;6.674736977
2025-10-03;21:15:00;-0.05;-10.94;6.66988945
2025-10-04;21:30:00;-0.05;-10.97;6.670495033
2025-10-05;21:45:00;-0.05;-10.94;6.66988945
2025-10-06;22:00:00;-0.05;-10.67;6.664738655
2025-10-07;22:15:00;-0.05;-11;6.671101093
2025-10-08;22:30:00;-0.05;-11.2;6.675039768
2025-10-09;22:45:00;-0.05;-11.08;6.672616005
2025-10-10;23:00:00;-0.05;-11.13;6.673524857
2025-10-11;23:15:00;-0.05;-11.06;6.672313213
2025-10-12;23:30:00;-0.05;-11.25;6.67594862
2025-10-13;23:45:00;-0.05;-11.06;6.672313213
2025-10-14;00:00:00;-0.05;-11.31;6.67716074
2025-10-15;00:15:00;-0.05;-11.09;6.672918797
2025-10-16;00:30:00;-0.05;-11.03;6.671707153
2025-10-17;00:45:00;-0.05;-10.75;6.666253567
2025-10-18;01:00:00;-0.05;-11.08;6.672616005
2025-10-19;01:15:00;-0.05;-10.91;6.66928339
2025-10-20;01:30:00;-0.05;-10.95;6.670192242
2025-10-21;01:45:00;-0.05;-11.27;6.676251888
2025-10-22;02:00:00;-0.05;-11.05;6.672009945
2025-10-23;02:15:00;-0.05;-11.09;6.672918797
2025-10-24;02:30:00;-0.05;-11.41;6.678978443
2025-10-25;02:45:00;-0.05;-10.97;6.670495033
2025-10-26;03:00:00;-0.05;-11.3;6.676857471
2025-10-27;03:15:00;-0.05;-11.05;6.672009945
2025-10-28;03:30:00;-0.05;-10.92;6.669586182
2025-10-29;03:45:00;-0.05;-10.95;6.670192242
2025-10-30;04:00:00;-0.05;-11.05;6.672009945
2025-10-31;04:15:00;-0.05;-11.28;6.67655468
2025-11-01;04:30:00;-0.05;-11.38;6.678372383
2025-11-02;04:45:00;-0.05;-11.45;6.679887295
2025-11-03;05:00:00;-0.05;-11.28;6.67655468
2025-11-04;05:15:00;-0.05;-11.41;6.678978443
2025-11-05;05:30:00;-0.05;-11.41;6.678978443
2025-11-06;05:45:00;-0.05;-11.16;6.674130917
2025-11-07;06:00:00;-0.05;-11.75;6.685643673
2025-11-08;06:15:00;-0.05;-11.59;6.68261385
2025-11-09;06:30:00;-0.05;-11.52;6.681099415
2025-11-10;06:45:00;-0.05;-11.45;6.679887295
2025-11-11;07:00:00;-0.05;-11.11;6.673222065
2025-11-12;07:15:00;-0.05;-11.58;6.682311058
2025-11-13;07:30:00;-0.05;-11.19;6.674736977
2025-11-14;07:45:00;-0.05;-11.56;6.682008266
2025-11-15;08:00:00;-0.05;-11.52;6.681099415
2025-11-16;08:15:00;-0.05;-11.56;6.682008266
2025-11-17;08:30:00;-0.05;-11.28;6.67655468
2025-11-18;08:45:00;-0.05;-11.42;6.679281235
2025-11-19;09:00:00;-0.05;-11.42;6.679281235
2025-11-20;09:15:00;-0.05;-11.08;6.672616005
2025-11-21;09:30:00;-0.05;-11.33;6.677463531
2025-11-22;09:45:00;-0.05;-11.5;6.680796146
2025-11-23;10:00:00;-0.05;-11.25;6.67594862
2025-11-24;10:15:00;-0.05;-11.58;6.682311058
2025-11-25;10:30:00;-0.05;-11.64;6.683523178
2025-11-26;10:45:00;-0.05;-11.42;6.679281235
2025-11-27;11:00:00;-0.05;-11.41;6.678978443
2025-11-28;11:15:00;-0.05;-11.34;6.677766323
2025-11-29;11:30:00;-0.05;-11.77;6.685946941
2025-11-30;11:45:00;-0.05;-11.25;6.67594862
2025-12-01;12:00:00;-0.05;-11.7;6.684734821
2025-12-02;12:15:00;-0.05;-11.56;6.682008266
2025-12-03;12:30:00;-0.05;-11.66;6.68382597
2025-12-04;12:45:00;-0.05;-11.67;6.684128761
2025-12-05;13:00:00;-0.05;-11.44;6.679584503
2025-12-06;13:15:00;-0.05;-11.47;6.680190086
2025-12-07;13:30:00;-0.05;-11.33;6.677463531
2025-12-08;13:45:00;-0.05;-11.47;6.680190086
2025-12-09;14:00:00;-0.05;-11.52;6.681099415
2025-12-10;14:15:00;-0.05;-11.59;6.68261385
2025-12-11;14:30:00;-0.05;-11.67;6.684128761
2025-12-12;14:45:00;-0.05;-11.66;6.68382597
2025-12-13;15:00:00;-0.05;-11.75;6.685643673
2025-12-14;15:15:00;-0.05;-11.55;6.681704998
2025-12-15;15:30:00;-0.05;-11.53;6.681402206
2025-12-16;15:45:00;-0.05;-11.47;6.680190086
2025-12-17;16:00:00;-0.05;-11.45;6.679887295
2025-12-18;16:15:00;-0.05;-11.5;6.680796146
2025-12-19;16:30:00;-0.05;-11.64;6.683523178
2025-12-20;16:45:00;-0.05;-11.39;6.678675652
2025-12-21;17:00:00;-0.05;-11.44;6.679584503
2025-12-22;17:15:00;-0.05;-11.55;6.681704998
2025-12-23;17:30:00;-0.05;-11.47;6.680190086
2025-12-24;17:45:00;-0.05;-11.38;6.678372383
2025-12-25;18:00:00;-0.05;-11.23;6.675645828
2025-12-26;18:15:00;-0.05;-11.69;6.68443203
2025-12-27;18:30:00;-0.05;-11.55;6.681704998
2025-12-28;18:45:00;-0.05;-11.28;6.67655468
2025-12-29;19:00:00;-0.05;-11.66;6.68382597
2025-12-30;19:15:00;-0.05;-11.84;6.687461853
2025-12-31;19:30:00;-0.05;-11.73;6.685340881
2026-01-01;19:45:00;-0.05;-11.48;6.680493355
2026-01-02;20:00:00;-0.05;-11.77;6.685946941
2026-01-03;20:15:00;-0.05;-11.88;6.688067436
2026-01-04;20:30:00;-0.05;-11.5;6.680796146
2026-01-05;20:45:00;-0.05;-11.56;6.682008266
2026-01-06;21:00:00;-0.05;-11.5;6.680796146
2026-01-07;21:15:00;-0.05;-11.52;6.681099415
2026-01-08;21:30:00;-0.05;-11.72;6.68503809
2026-01-09;21:45:00;-0.05;-11.55;6.681704998
2026-01-10;22:00:00;-0.05;-11.77;6.685946941
2026-01-11;22:15:00;-0.05;-11.7;6.684734821
2026-01-12;22:30:00;-0.05;-11.61;6.682917118
2026-01-13;22:45:00;-0.05;-11.78;6.686249733
2026-01-14;23:00:00;-0.05;-11.67;6.684128761
2026-01-15;23:15:00;-0.05;-11.5;6.680796146
2026-01-16;23:30:00;-0.05;-11.53;6.681402206
2026-01-17;23:45:00;-0.05;-11.52;6.681099415
2026-01-18;00:00:00;-0.05;-11.72;6.68503809
